Name,Pruned,RC,SMILES
3,original,reactant,FC1=C(Cl)C=C(NC2=NC=NC3=C2C=C(NC(/C=C/CN(C)C)=O)C(O[C@@H]4COCC4)=C3)C=C1
3,original,intermediate,[H]c1nc(N([H])c2c([H])c([H])c(F)c(Cl)c2[H])c2c([H])c(N([H])C(=O)[C-]([H])C([H])(SC([H])([H])[H])C([H])([H])N(C([H])([H])[H])C([H])([H])[H])c(O[C@]3([H])C([H])([H])OC([H])([H])C3([H])[H])c([H])c2n1
3,original,product,[H]c1nc(N([H])c2c([H])c([H])c(F)c(Cl)c2[H])c2c([H])c(N([H])C(=O)C([H])([H])C([H])(SC([H])([H])[H])C([H])([H])N(C([H])([H])[H])C([H])([H])[H])c(O[C@]3([H])C([H])([H])OC([H])([H])C3([H])[H])c([H])c2n1
3,pruned,reactant,[H]/C(C(=O)N([H])c1c([25H])c([H])c2nc([H])nc([6H])c2c1[H])=C(/[H])C([H])([H])N(C([H])([H])[H])C([H])([H])[H]
3,pruned,intermediate,[H]c1nc([6H])c2c([H])c(N([H])C(=O)[C-]([H])C([H])(SC([H])([H])[H])C([H])([H])N(C([H])([H])[H])C([H])([H])[H])c([25H])c([H])c2n1
3,pruned,product,[H]c1nc([6H])c2c([H])c(N([H])C(=O)C([H])([H])C([H])(SC([H])([H])[H])C([H])([H])N(C([H])([H])[H])C([H])([H])[H])c([25H])c([H])c2n1
4,original,reactant,FC1=C(Cl)C=C(NC2=NC=NC3=C2C=C(NC(C=C)=O)C(OCCCN4CCOCC4)=C3)C=C1
4,original,intermediate,[H]c1nc(N([H])c2c([H])c([H])c(F)c(Cl)c2[H])c2c([H])c(N([H])C(=O)[C-]([H])C([H])([H])SC([H])([H])[H])c(OC([H])([H])C([H])([H])C([H])([H])N3C([H])([H])C([H])([H])OC([H])([H])C3([H])[H])c([H])c2n1
4,original,product,[H]c1nc(N([H])c2c([H])c([H])c(F)c(Cl)c2[H])c2c([H])c(N([H])C(=O)C([H])([H])C([H])([H])SC([H])([H])[H])c(OC([H])([H])C([H])([H])C([H])([H])N3C([H])([H])C([H])([H])OC([H])([H])C3([H])[H])c([H])c2n1
4,pruned,reactant,[H]C([H])=C([H])C(=O)N([H])c1c([21H])c([H])c2nc([H])nc([6H])c2c1[H]
4,pruned,intermediate,[H]c1nc([6H])c2c([H])c(N([H])C(=O)[C-]([H])C([H])([H])SC([H])([H])[H])c([21H])c([H])c2n1
4,pruned,product,[H]c1nc([6H])c2c([H])c(N([H])C(=O)C([H])([H])C([H])([H])SC([H])([H])[H])c([21H])c([H])c2n1
5,original,reactant,FC1=C(Cl)C=C(NC2=NC=NC3=C2C=C(NC(/C=C/CN4CCCCC4)=O)C(OC)=C3)C=C1
5,original,intermediate,[H]c1nc(N([H])c2c([H])c([H])c(F)c(Cl)c2[H])c2c([H])c(N([H])C(=O)[C-]([H])C([H])(SC([H])([H])[H])C([H])([H])N3C([H])([H])C([H])([H])C([H])([H])C([H])([H])C3([H])[H])c(OC([H])([H])[H])c([H])c2n1
5,original,product,[H]c1nc(N([H])c2c([H])c([H])c(F)c(Cl)c2[H])c2c([H])c(N([H])C(=O)C([H])([H])C([H])(SC([H])([H])[H])C([H])([H])N3C([H])([H])C([H])([H])C([H])([H])C([H])([H])C3([H])[H])c(OC([H])([H])[H])c([H])c2n1
5,pruned,reactant,[H]/C(C(=O)N([H])c1c([28H])c([H])c2nc([H])nc([6H])c2c1[H])=C(/[H])C([H])([H])N1C([H])([H])C([H])([H])C([H])([H])C([H])([H])C1([H])[H]
5,pruned,intermediate,[H]c1nc([6H])c2c([H])c(N([H])C(=O)[C-]([H])C([H])(SC([H])([H])[H])C([H])([H])N3C([H])([H])C([H])([H])C([H])([H])C([H])([H])C3([H])[H])c([28H])c([H])c2n1
5,pruned,product,[H]c1nc([6H])c2c([H])c(N([H])C(=O)C([H])([H])C([H])(SC([H])([H])[H])C([H])([H])N3C([H])([H])C([H])([H])C([H])([H])C([H])([H])C3([H])[H])c([28H])c([H])c2n1
14,original,reactant,ClC1=CN=C(NC2=C(OC)C=CC(NC(/C=C/CN(C)C)=O)=C2)N=C1C3=CNC4=C3C=CC=C4
14,original,intermediate,[H]c1nc(N([H])c2c([H])c(N([H])C(=O)[C-]([H])C([H])(SC([H])([H])[H])C([H])([H])N(C([H])([H])[H])C([H])([H])[H])c([H])c([H])c2OC([H])([H])[H])nc(-c2c([H])n([H])c3c([H])c([H])c([H])c([H])c23)c1Cl
14,original,product,[H]c1nc(N([H])c2c([H])c(N([H])C(=O)C([H])([H])C([H])(SC([H])([H])[H])C([H])([H])N(C([H])([H])[H])C([H])([H])[H])c([H])c([H])c2OC([H])([H])[H])nc(-c2c([H])n([H])c3c([H])c([H])c([H])c([H])c23)c1Cl
14,pruned,reactant,[H]/C(C(=O)N([H])c1c([H])c([H])c([8H])c([5H])c1[H])=C(/[H])C([H])([H])N(C([H])([H])[H])C([H])([H])[H]
14,pruned,intermediate,[H]c1c([H])c(N([H])C(=O)[C-]([H])C([H])(SC([H])([H])[H])C([H])([H])N(C([H])([H])[H])C([H])([H])[H])c([H])c([5H])c1[8H]
14,pruned,product,[H]c1c([H])c(N([H])C(=O)C([H])([H])C([H])(SC([H])([H])[H])C([H])([H])N(C([H])([H])[H])C([H])([H])[H])c([H])c([5H])c1[8H]
15,original,reactant,ClC1=CN=C(NC2=C(OC)C=CC(NC(/C=C/CN(C)C)=O)=C2)N=C1C3=C(C=CC=C4)N4N=C3
15,original,intermediate,[H]C1=C([H])c2c(-c3nc(N([H])c4c([H])c(N([H])C(=O)[C-]([H])C([H])(SC([H])([H])[H])C([H])([H])N(C([H])([H])[H])C([H])([H])[H])c([H])c([H])c4OC([H])([H])[H])nc([H])c3Cl)c([H])nn2C([H])=C1[H]
15,original,product,[H]c1nc(N([H])c2c([H])c(N([H])C(=O)C([H])([H])C([H])(SC([H])([H])[H])C([H])([H])N(C([H])([H])[H])C([H])([H])[H])c([H])c([H])c2OC([H])([H])[H])nc(-c2c([H])nn3c([H])c([H])c([H])c([H])c23)c1Cl
15,pruned,reactant,[H]/C(C(=O)N([H])c1c([H])c([H])c([8H])c([5H])c1[H])=C(/[H])C([H])([H])N(C([H])([H])[H])C([H])([H])[H]
15,pruned,intermediate,[H]c1c([H])c(N([H])C(=O)[C-]([H])C([H])(SC([H])([H])[H])C([H])([H])N(C([H])([H])[H])C([H])([H])[H])c([H])c([5H])c1[8H]
15,pruned,product,[H]c1c([H])c(N([H])C(=O)C([H])([H])C([H])(SC([H])([H])[H])C([H])([H])N(C([H])([H])[H])C([H])([H])[H])c([H])c([5H])c1[8H]
16,original,reactant,COC(C=CC(NC(/C=C/CN(C)C)=O)=C1)=C1NC2=NC=CC(C3=C(C=CC=C4)N4N=C3)=N2
16,original,intermediate,[H]C1=C([H])c2c(-c3nc(N([H])c4c([H])c(N([H])C(=O)[C-]([H])C([H])(SC([H])([H])[H])C([H])([H])N(C([H])([H])[H])C([H])([H])[H])c([H])c([H])c4OC([H])([H])[H])nc([H])c3[H])c([H])nn2C([H])=C1[H]
16,original,product,[H]c1nc(N([H])c2c([H])c(N([H])C(=O)C([H])([H])C([H])(SC([H])([H])[H])C([H])([H])N(C([H])([H])[H])C([H])([H])[H])c([H])c([H])c2OC([H])([H])[H])nc(-c2c([H])nn3c([H])c([H])c([H])c([H])c23)c1[H]
16,pruned,reactant,[H]/C(C(=O)N([H])c1c([H])c([H])c([1H])c([17H])c1[H])=C(/[H])C([H])([H])N(C([H])([H])[H])C([H])([H])[H]
16,pruned,intermediate,[H]c1c([H])c(N([H])C(=O)[C-]([H])C([H])(SC([H])([H])[H])C([H])([H])N(C([H])([H])[H])C([H])([H])[H])c([H])c([17H])c1[1H]
16,pruned,product,[H]c1c([H])c(N([H])C(=O)C([H])([H])C([H])(SC([H])([H])[H])C([H])([H])N(C([H])([H])[H])C([H])([H])[H])c([H])c([17H])c1[1H]
18,original,reactant,C1=CN=C(NC2=CC(NC(/C=C/CN(C)C)=O)=CC=C2OC)N=C1C3=C(C=CC=C4)N4N=C3
18,original,intermediate,[H]C1=C([H])c2c(-c3nc(N([H])c4c([H])c(N([H])C(=O)[C-]([H])C([H])(SC([H])([H])[H])C([H])([H])N(C([H])([H])[H])C([H])([H])[H])c([H])c([H])c4OC([H])([H])[H])nc([H])c3[H])c([H])nn2C([H])=C1[H]
18,original,product,[H]c1nc(N([H])c2c([H])c(N([H])C(=O)C([H])([H])C([H])(SC([H])([H])[H])C([H])([H])N(C([H])([H])[H])C([H])([H])[H])c([H])c([H])c2OC([H])([H])[H])nc(-c2c([H])nn3c([H])c([H])c([H])c([H])c23)c1[H]
18,pruned,reactant,[H]/C(C(=O)N([H])c1c([H])c([H])c([20H])c([4H])c1[H])=C(/[H])C([H])([H])N(C([H])([H])[H])C([H])([H])[H]
18,pruned,intermediate,[H]c1c([H])c(N([H])C(=O)[C-]([H])C([H])(SC([H])([H])[H])C([H])([H])N(C([H])([H])[H])C([H])([H])[H])c([H])c([4H])c1[20H]
18,pruned,product,[H]c1c([H])c(N([H])C(=O)C([H])([H])C([H])(SC([H])([H])[H])C([H])([H])N(C([H])([H])[H])C([H])([H])[H])c([H])c([4H])c1[20H]
20,original,reactant,O=C(C=C)NC1=CC=C(N)C=C1
20,original,intermediate,[H]c1c([H])c(N([H])C(=O)[C-]([H])C([H])([H])SC([H])([H])[H])c([H])c([H])c1N([H])[H]
20,original,product,[H]c1c([H])c(N([H])C(=O)C([H])([H])C([H])([H])SC([H])([H])[H])c([H])c([H])c1N([H])[H]
20,pruned,reactant,[H]C([H])=C([H])C(=O)N([H])c1c([H])c([H])c([9H])c([H])c1[H]
20,pruned,intermediate,[H]c1c([H])c(N([H])C(=O)[C-]([H])C([H])([H])SC([H])([H])[H])c([H])c([H])c1[9H]
20,pruned,product,[H]c1c([H])c(N([H])C(=O)C([H])([H])C([H])([H])SC([H])([H])[H])c([H])c([H])c1[9H]
21,original,reactant,O=C(C=C)NC1=CC=C(F)C=C1
21,original,intermediate,[H]c1c([H])c(N([H])C(=O)[C-]([H])C([H])([H])SC([H])([H])[H])c([H])c([H])c1F
21,original,product,[H]c1c([H])c(N([H])C(=O)C([H])([H])C([H])([H])SC([H])([H])[H])c([H])c([H])c1F
21,pruned,reactant,[H]C([H])=C([H])C(=O)N([H])c1c([H])c([H])c([9H])c([H])c1[H]
21,pruned,intermediate,[H]c1c([H])c(N([H])C(=O)[C-]([H])C([H])([H])SC([H])([H])[H])c([H])c([H])c1[9H]
21,pruned,product,[H]c1c([H])c(N([H])C(=O)C([H])([H])C([H])([H])SC([H])([H])[H])c([H])c([H])c1[9H]
22,original,reactant,O=C(C=C)NCC1=CC=CC=C1
22,original,intermediate,[H]c1c([H])c([H])c(C([H])([H])N([H])C(=O)[C-]([H])C([H])([H])SC([H])([H])[H])c([H])c1[H]
22,original,product,[H]c1c([H])c([H])c(C([H])([H])N([H])C(=O)C([H])([H])C([H])([H])SC([H])([H])[H])c([H])c1[H]
22,pruned,reactant,C=CC(=O)NCc1ccccc1
22,pruned,intermediate,[H]c1c([H])c([H])c(C([H])([H])N([H])C(=O)[C-]([H])C([H])([H])SC([H])([H])[H])c([H])c1[H]
22,pruned,product,[H]c1c([H])c([H])c(C([H])([H])N([H])C(=O)C([H])([H])C([H])([H])SC([H])([H])[H])c([H])c1[H]
23,original,reactant,O=C(C=C)N(C)C1=CC=CC=C1
23,original,intermediate,[H]c1c([H])c([H])c(N(C(=O)[C-]([H])C([H])([H])SC([H])([H])[H])C([H])([H])[H])c([H])c1[H]
23,original,product,[H]c1c([H])c([H])c(N(C(=O)C([H])([H])C([H])([H])SC([H])([H])[H])C([H])([H])[H])c([H])c1[H]
23,pruned,reactant,C=CC(=O)N(C)c1ccccc1
23,pruned,intermediate,[H]c1c([H])c([H])c(N(C(=O)[C-]([H])C([H])([H])SC([H])([H])[H])C([H])([H])[H])c([H])c1[H]
23,pruned,product,[H]c1c([H])c([H])c(N(C(=O)C([H])([H])C([H])([H])SC([H])([H])[H])C([H])([H])[H])c([H])c1[H]
24,original,reactant,O=C(C=C)NC1=CC=CC=C1
24,original,intermediate,[H]c1c([H])c([H])c(N([H])C(=O)[C-]([H])C([H])([H])SC([H])([H])[H])c([H])c1[H]
24,original,product,[H]c1c([H])c([H])c(N([H])C(=O)C([H])([H])C([H])([H])SC([H])([H])[H])c([H])c1[H]
24,pruned,reactant,C=CC(=O)Nc1ccccc1
24,pruned,intermediate,[H]c1c([H])c([H])c(N([H])C(=O)[C-]([H])C([H])([H])SC([H])([H])[H])c([H])c1[H]
24,pruned,product,[H]c1c([H])c([H])c(N([H])C(=O)C([H])([H])C([H])([H])SC([H])([H])[H])c([H])c1[H]
25,original,reactant,O=C(C=C)NC1=C(C)C=CC=C1
25,original,intermediate,[H]c1c([H])c([H])c(C([H])([H])[H])c(N([H])C(=O)[C-]([H])C([H])([H])SC([H])([H])[H])c1[H]
25,original,product,[H]c1c([H])c([H])c(C([H])([H])[H])c(N([H])C(=O)C([H])([H])C([H])([H])SC([H])([H])[H])c1[H]
25,pruned,reactant,[H]C([H])=C([H])C(=O)N([H])c1c([H])c([H])c([H])c([H])c1[7H]
25,pruned,intermediate,[H]c1c([H])c([H])c(N([H])C(=O)[C-]([H])C([H])([H])SC([H])([H])[H])c([7H])c1[H]
25,pruned,product,[H]c1c([H])c([H])c(N([H])C(=O)C([H])([H])C([H])([H])SC([H])([H])[H])c([7H])c1[H]
26,original,reactant,O=C(C=C)NC1=CC=C(OC)C=C1
26,original,intermediate,[H]c1c([H])c(N([H])C(=O)[C-]([H])C([H])([H])SC([H])([H])[H])c([H])c([H])c1OC([H])([H])[H]
26,original,product,[H]c1c([H])c(N([H])C(=O)C([H])([H])C([H])([H])SC([H])([H])[H])c([H])c([H])c1OC([H])([H])[H]
26,pruned,reactant,[H]C([H])=C([H])C(=O)N([H])c1c([H])c([H])c([9H])c([H])c1[H]
26,pruned,intermediate,[H]c1c([H])c(N([H])C(=O)[C-]([H])C([H])([H])SC([H])([H])[H])c([H])c([H])c1[9H]
26,pruned,product,[H]c1c([H])c(N([H])C(=O)C([H])([H])C([H])([H])SC([H])([H])[H])c([H])c([H])c1[9H]
27,original,reactant,O=C(C=C)NC1=C(C#N)C=CC=C1
27,original,intermediate,[H]c1c([H])c([H])c(N([H])C(=O)[C-]([H])C([H])([H])SC([H])([H])[H])c(C#N)c1[H]
27,original,product,[H]c1c([H])c([H])c(N([H])C(=O)C([H])([H])C([H])([H])SC([H])([H])[H])c(C#N)c1[H]
27,pruned,reactant,[H]C([H])=C([H])C(=O)N([H])c1c([H])c([H])c([H])c([H])c1[7H]
27,pruned,intermediate,[H]c1c([H])c([H])c(N([H])C(=O)[C-]([H])C([H])([H])SC([H])([H])[H])c([7H])c1[H]
27,pruned,product,[H]c1c([H])c([H])c(N([H])C(=O)C([H])([H])C([H])([H])SC([H])([H])[H])c([7H])c1[H]
28,original,reactant,O=C(C=C)NC1=CC=CC(F)=C1
28,original,intermediate,[H]c1c([H])c(F)c([H])c(N([H])C(=O)[C-]([H])C([H])([H])SC([H])([H])[H])c1[H]
28,original,product,[H]c1c([H])c(F)c([H])c(N([H])C(=O)C([H])([H])C([H])([H])SC([H])([H])[H])c1[H]
28,pruned,reactant,[H]C([H])=C([H])C(=O)N([H])c1c([H])c([H])c([H])c([10H])c1[H]
28,pruned,intermediate,[H]c1c([H])c([10H])c([H])c(N([H])C(=O)[C-]([H])C([H])([H])SC([H])([H])[H])c1[H]
28,pruned,product,[H]c1c([H])c([10H])c([H])c(N([H])C(=O)C([H])([H])C([H])([H])SC([H])([H])[H])c1[H]
29,original,reactant,O=C(C=C)NC1=CC=C(C)C=C1
29,original,intermediate,[H]c1c([H])c(C([H])([H])[H])c([H])c([H])c1N([H])C(=O)[C-]([H])C([H])([H])SC([H])([H])[H]
29,original,product,[H]c1c([H])c(C([H])([H])[H])c([H])c([H])c1N([H])C(=O)C([H])([H])C([H])([H])SC([H])([H])[H]
29,pruned,reactant,[H]C([H])=C([H])C(=O)N([H])c1c([H])c([H])c([9H])c([H])c1[H]
29,pruned,intermediate,[H]c1c([H])c(N([H])C(=O)[C-]([H])C([H])([H])SC([H])([H])[H])c([H])c([H])c1[9H]
29,pruned,product,[H]c1c([H])c(N([H])C(=O)C([H])([H])C([H])([H])SC([H])([H])[H])c([H])c([H])c1[9H]
30,original,reactant,O=C(C=C)NC1=NC=CC=C1
30,original,intermediate,[H]c1nc(N([H])C(=O)[C-]([H])C([H])([H])SC([H])([H])[H])c([H])c([H])c1[H]
30,original,product,[H]c1nc(N([H])C(=O)C([H])([H])C([H])([H])SC([H])([H])[H])c([H])c([H])c1[H]
30,pruned,reactant,C=CC(=O)Nc1ccccn1
30,pruned,intermediate,[H]c1nc(N([H])C(=O)[C-]([H])C([H])([H])SC([H])([H])[H])c([H])c([H])c1[H]
30,pruned,product,[H]c1nc(N([H])C(=O)C([H])([H])C([H])([H])SC([H])([H])[H])c([H])c([H])c1[H]
31,original,reactant,O=C(C=C)NC1=CC=C(C#N)C=C1
31,original,intermediate,[H]c1c([H])c(N([H])C(=O)[C-]([H])C([H])([H])SC([H])([H])[H])c([H])c([H])c1C#N
31,original,product,[H]c1c([H])c(N([H])C(=O)C([H])([H])C([H])([H])SC([H])([H])[H])c([H])c([H])c1C#N
31,pruned,reactant,[H]C([H])=C([H])C(=O)N([H])c1c([H])c([H])c([9H])c([H])c1[H]
31,pruned,intermediate,[H]c1c([H])c(N([H])C(=O)[C-]([H])C([H])([H])SC([H])([H])[H])c([H])c([H])c1[9H]
31,pruned,product,[H]c1c([H])c(N([H])C(=O)C([H])([H])C([H])([H])SC([H])([H])[H])c([H])c([H])c1[9H]
32,original,reactant,O=C(C(C)=C)NC(C)(C)C1=CC=CC=C1
32,original,intermediate,[H]c1c([H])c([H])c(C(N([H])C(=O)[C-](C([H])([H])[H])C([H])([H])SC([H])([H])[H])(C([H])([H])[H])C([H])([H])[H])c([H])c1[H]
32,original,product,[H]c1c([H])c([H])c(C(N([H])C(=O)C([H])(C([H])([H])[H])C([H])([H])SC([H])([H])[H])(C([H])([H])[H])C([H])([H])[H])c([H])c1[H]
32,pruned,reactant,C=C(C)C(=O)NC(C)(C)c1ccccc1
32,pruned,intermediate,[H]c1c([H])c([H])c(C(N([H])C(=O)[C-](C([H])([H])[H])C([H])([H])SC([H])([H])[H])(C([H])([H])[H])C([H])([H])[H])c([H])c1[H]
32,pruned,product,[H]c1c([H])c([H])c(C(N([H])C(=O)C([H])(C([H])([H])[H])C([H])([H])SC([H])([H])[H])(C([H])([H])[H])C([H])([H])[H])c([H])c1[H]
33,original,reactant,O=C(C(C)=C)NC1=CC=CC=C1
33,original,intermediate,[H]c1c([H])c([H])c(N([H])C(=O)[C-](C([H])([H])[H])C([H])([H])SC([H])([H])[H])c([H])c1[H]
33,original,product,[H]c1c([H])c([H])c(N([H])C(=O)C([H])(C([H])([H])[H])C([H])([H])SC([H])([H])[H])c([H])c1[H]
33,pruned,reactant,C=C(C)C(=O)Nc1ccccc1
33,pruned,intermediate,[H]c1c([H])c([H])c(N([H])C(=O)[C-](C([H])([H])[H])C([H])([H])SC([H])([H])[H])c([H])c1[H]
33,pruned,product,[H]c1c([H])c([H])c(N([H])C(=O)C([H])(C([H])([H])[H])C([H])([H])SC([H])([H])[H])c([H])c1[H]
34,original,reactant,O=C(/C=C(C)/C)NC1=CC=CC=C1
34,original,intermediate,[H]c1c([H])c([H])c(N([H])C(=O)[C-]([H])C(SC([H])([H])[H])(C([H])([H])[H])C([H])([H])[H])c([H])c1[H]
34,original,product,[H]c1c([H])c([H])c(N([H])C(=O)C([H])([H])C(SC([H])([H])[H])(C([H])([H])[H])C([H])([H])[H])c([H])c1[H]
34,pruned,reactant,CC(C)=CC(=O)Nc1ccccc1
34,pruned,intermediate,[H]c1c([H])c([H])c(N([H])C(=O)[C-]([H])C(SC([H])([H])[H])(C([H])([H])[H])C([H])([H])[H])c([H])c1[H]
34,pruned,product,[H]c1c([H])c([H])c(N([H])C(=O)C([H])([H])C(SC([H])([H])[H])(C([H])([H])[H])C([H])([H])[H])c([H])c1[H]
35,original,reactant,O=C(/C=C/C)NC1=CC=CC=C1
35,original,intermediate,[H]c1c([H])c([H])c(N([H])C(=O)[C-]([H])C([H])(SC([H])([H])[H])C([H])([H])[H])c([H])c1[H]
35,original,product,[H]c1c([H])c([H])c(N([H])C(=O)C([H])([H])C([H])(SC([H])([H])[H])C([H])([H])[H])c([H])c1[H]
35,pruned,reactant,C/C=C/C(=O)Nc1ccccc1
35,pruned,intermediate,[H]c1c([H])c([H])c(N([H])C(=O)[C-]([H])C([H])(SC([H])([H])[H])C([H])([H])[H])c([H])c1[H]
35,pruned,product,[H]c1c([H])c([H])c(N([H])C(=O)C([H])([H])C([H])(SC([H])([H])[H])C([H])([H])[H])c([H])c1[H]
36,original,reactant,ClC1=CN=C(NC2=CC(NC(/C=C/CN(C)C)=O)=CC=C2)N=C1C3=CNC4=C3C=CC=C4
36,original,intermediate,[H]c1nc(N([H])c2c([H])c([H])c([H])c(N([H])C(=O)[C-]([H])C([H])(SC([H])([H])[H])C([H])([H])N(C([H])([H])[H])C([H])([H])[H])c2[H])nc(-c2c([H])n([H])c3c([H])c([H])c([H])c([H])c23)c1Cl
36,original,product,[H]c1nc(N([H])c2c([H])c([H])c([H])c(N([H])C(=O)C([H])([H])C([H])(SC([H])([H])[H])C([H])([H])N(C([H])([H])[H])C([H])([H])[H])c2[H])nc(-c2c([H])n([H])c3c([H])c([H])c([H])c([H])c23)c1Cl
36,pruned,reactant,[H]/C(C(=O)N([H])c1c([H])c([H])c([H])c([5H])c1[H])=C(/[H])C([H])([H])N(C([H])([H])[H])C([H])([H])[H]
36,pruned,intermediate,[H]c1c([H])c([5H])c([H])c(N([H])C(=O)[C-]([H])C([H])(SC([H])([H])[H])C([H])([H])N(C([H])([H])[H])C([H])([H])[H])c1[H]
36,pruned,product,[H]c1c([H])c([5H])c([H])c(N([H])C(=O)C([H])([H])C([H])(SC([H])([H])[H])C([H])([H])N(C([H])([H])[H])C([H])([H])[H])c1[H]
37,original,reactant,ClC1=CN=C(NC2=CC(NC(C=C)=O)=CC=C2OC)N=C1C3=CN=C4C=CC=CN43
37,original,intermediate,[H]C1=C([H])c2nc([H])c(-c3nc(N([H])c4c([H])c(N([H])C(=O)[C-]([H])C([H])([H])SC([H])([H])[H])c([H])c([H])c4OC([H])([H])[H])nc([H])c3Cl)n2C([H])=C1[H]
37,original,product,[H]c1nc(N([H])c2c([H])c(N([H])C(=O)C([H])([H])C([H])([H])SC([H])([H])[H])c([H])c([H])c2OC([H])([H])[H])nc(-c2c([H])nc3c([H])c([H])c([H])c([H])n23)c1Cl
37,pruned,reactant,[H]C([H])=C([H])C(=O)N([H])c1c([H])c([H])c([17H])c([5H])c1[H]
37,pruned,intermediate,[H]c1c([H])c(N([H])C(=O)[C-]([H])C([H])([H])SC([H])([H])[H])c([H])c([5H])c1[17H]
37,pruned,product,[H]c1c([H])c(N([H])C(=O)C([H])([H])C([H])([H])SC([H])([H])[H])c([H])c([5H])c1[17H]
38,original,reactant,ClC1=CN=C(NC2=C(OC)C=C(CN(C)C)C(NC(C=C)=O)=C2)N=C1C3=CN=C4C=CC=CN43
38,original,intermediate,[H]C1=C([H])c2nc([H])c(-c3nc(N([H])c4c([H])c(N([H])C(=O)[C-]([H])C([H])([H])SC([H])([H])[H])c(C([H])([H])N(C([H])([H])[H])C([H])([H])[H])c([H])c4OC([H])([H])[H])nc([H])c3Cl)n2C([H])=C1[H]
38,original,product,[H]c1nc(N([H])c2c([H])c(N([H])C(=O)C([H])([H])C([H])([H])SC([H])([H])[H])c(C([H])([H])N(C([H])([H])[H])C([H])([H])[H])c([H])c2OC([H])([H])[H])nc(-c2c([H])nc3c([H])c([H])c([H])c([H])n23)c1Cl
38,pruned,reactant,[H]C([H])=C([H])C(=O)N([H])c1c([H])c([5H])c([8H])c([H])c1[12H]
38,pruned,intermediate,[H]c1c([8H])c([5H])c([H])c(N([H])C(=O)[C-]([H])C([H])([H])SC([H])([H])[H])c1[12H]
38,pruned,product,[H]c1c([8H])c([5H])c([H])c(N([H])C(=O)C([H])([H])C([H])([H])SC([H])([H])[H])c1[12H]
39,original,reactant,ClC1=CN=C(NC2=C(OC)C=CC(NC(/C=C/CN(C)C)=O)=C2)N=C1C3=CN=C4C(C)=CC=CN43
39,original,intermediate,[H]C1=C([H])n2c(nc([H])c2-c2nc(N([H])c3c([H])c(N([H])C(=O)[C-]([H])C([H])(SC([H])([H])[H])C([H])([H])N(C([H])([H])[H])C([H])([H])[H])c([H])c([H])c3OC([H])([H])[H])nc([H])c2Cl)C(C([H])([H])[H])=C1[H]
39,original,product,[H]c1nc(N([H])c2c([H])c(N([H])C(=O)C([H])([H])C([H])(SC([H])([H])[H])C([H])([H])N(C([H])([H])[H])C([H])([H])[H])c([H])c([H])c2OC([H])([H])[H])nc(-c2c([H])nc3c(C([H])([H])[H])c([H])c([H])c([H])n23)c1Cl
39,pruned,reactant,[H]/C(C(=O)N([H])c1c([H])c([H])c([8H])c([5H])c1[H])=C(/[H])C([H])([H])N(C([H])([H])[H])C([H])([H])[H]
39,pruned,intermediate,[H]c1c([H])c(N([H])C(=O)[C-]([H])C([H])(SC([H])([H])[H])C([H])([H])N(C([H])([H])[H])C([H])([H])[H])c([H])c([5H])c1[8H]
39,pruned,product,[H]c1c([H])c(N([H])C(=O)C([H])([H])C([H])(SC([H])([H])[H])C([H])([H])N(C([H])([H])[H])C([H])([H])[H])c([H])c([5H])c1[8H]
40,original,reactant,COC(C=CC(NC(/C=C/CN(C)C)=O)=C1)=C1NC2=NC=C(C#N)C(C3=C4C=CC=CN4N=C3)=N2
40,original,intermediate,[H]C1=C([H])c2c(-c3nc(N([H])c4c([H])c(N([H])C(=O)[C-]([H])C([H])(SC([H])([H])[H])C([H])([H])N(C([H])([H])[H])C([H])([H])[H])c([H])c([H])c4OC([H])([H])[H])nc([H])c3C#N)c([H])nn2C([H])=C1[H]
40,original,product,[H]c1nc(N([H])c2c([H])c(N([H])C(=O)C([H])([H])C([H])(SC([H])([H])[H])C([H])([H])N(C([H])([H])[H])C([H])([H])[H])c([H])c([H])c2OC([H])([H])[H])nc(-c2c([H])nn3c([H])c([H])c([H])c([H])c23)c1C#N
40,pruned,reactant,[H]/C(C(=O)N([H])c1c([H])c([H])c([1H])c([17H])c1[H])=C(/[H])C([H])([H])N(C([H])([H])[H])C([H])([H])[H]
40,pruned,intermediate,[H]c1c([H])c(N([H])C(=O)[C-]([H])C([H])(SC([H])([H])[H])C([H])([H])N(C([H])([H])[H])C([H])([H])[H])c([H])c([17H])c1[1H]
40,pruned,product,[H]c1c([H])c(N([H])C(=O)C([H])([H])C([H])(SC([H])([H])[H])C([H])([H])N(C([H])([H])[H])C([H])([H])[H])c([H])c([17H])c1[1H]
41,original,reactant,ClC1=CN=C(NC2=NN(C)C(NC(C=C)=O)=C2)N=C1C3=C4C=CC=CN4N=C3
41,original,intermediate,[H]C1=C([H])c2c(-c3nc(N([H])c4nn(C([H])([H])[H])c(N([H])C(=O)[C-]([H])C([H])([H])SC([H])([H])[H])c4[H])nc([H])c3Cl)c([H])nn2C([H])=C1[H]
41,original,product,[H]c1nc(N([H])c2nn(C([H])([H])[H])c(N([H])C(=O)C([H])([H])C([H])([H])SC([H])([H])[H])c2[H])nc(-c2c([H])nn3c([H])c([H])c([H])c([H])c23)c1Cl
41,pruned,reactant,[H]C([H])=C([H])C(=O)N([H])c1c([H])c([5H])nn1[9H]
41,pruned,intermediate,[H]c1c([5H])nn([9H])c1N([H])C(=O)[C-]([H])C([H])([H])SC([H])([H])[H]
41,pruned,product,[H]c1c([5H])nn([9H])c1N([H])C(=O)C([H])([H])C([H])([H])SC([H])([H])[H]
42,original,reactant,CONC(C1=C(NC2=C(Cl)C=NC(NC3=C(OC)C=CC(NC(C=C)=O)=C3)=N2)C=CC=C1)=O
42,original,intermediate,[H]c1nc(N([H])c2c([H])c(N([H])C(=O)[C-]([H])C([H])([H])SC([H])([H])[H])c([H])c([H])c2OC([H])([H])[H])nc(N([H])c2c([H])c([H])c([H])c([H])c2C(=O)N([H])OC([H])([H])[H])c1Cl
42,original,product,[H]c1nc(N([H])c2c([H])c(N([H])C(=O)C([H])([H])C([H])([H])SC([H])([H])[H])c([H])c([H])c2OC([H])([H])[H])nc(N([H])c2c([H])c([H])c([H])c([H])c2C(=O)N([H])OC([H])([H])[H])c1Cl
42,pruned,reactant,[H]C([H])=C([H])C(=O)N([H])c1c([H])c([H])c([16H])c([13H])c1[H]
42,pruned,intermediate,[H]c1c([H])c(N([H])C(=O)[C-]([H])C([H])([H])SC([H])([H])[H])c([H])c([13H])c1[16H]
42,pruned,product,[H]c1c([H])c(N([H])C(=O)C([H])([H])C([H])([H])SC([H])([H])[H])c([H])c([13H])c1[16H]
43,original,reactant,CNC(C1=C(NC2=C(Cl)C=NC(NC3=CC=CC(NC(C=C)=O)=C3)=N2)C=CC=C1)=O
43,original,intermediate,[H]c1nc(N([H])c2c([H])c([H])c([H])c(N([H])C(=O)[C-]([H])C([H])([H])SC([H])([H])[H])c2[H])nc(N([H])c2c([H])c([H])c([H])c([H])c2C(=O)N([H])C([H])([H])[H])c1Cl
43,original,product,[H]c1nc(N([H])c2c([H])c([H])c([H])c(N([H])C(=O)C([H])([H])C([H])([H])SC([H])([H])[H])c2[H])nc(N([H])c2c([H])c([H])c([H])c([H])c2C(=O)N([H])C([H])([H])[H])c1Cl
43,pruned,reactant,[H]C([H])=C([H])C(=O)N([H])c1c([H])c([H])c([H])c([12H])c1[H]
43,pruned,intermediate,[H]c1c([H])c([12H])c([H])c(N([H])C(=O)[C-]([H])C([H])([H])SC([H])([H])[H])c1[H]
43,pruned,product,[H]c1c([H])c([12H])c([H])c(N([H])C(=O)C([H])([H])C([H])([H])SC([H])([H])[H])c1[H]
44,original,reactant,CNC(C1=C(NC2=C(Cl)C=NC(NC3=C(OC)C=CC(NC(C=C)=O)=C3)=N2)C=CC=C1)=O
44,original,intermediate,[H]c1nc(N([H])c2c([H])c(N([H])C(=O)[C-]([H])C([H])([H])SC([H])([H])[H])c([H])c([H])c2OC([H])([H])[H])nc(N([H])c2c([H])c([H])c([H])c([H])c2C(=O)N([H])C([H])([H])[H])c1Cl
44,original,product,[H]c1nc(N([H])c2c([H])c(N([H])C(=O)C([H])([H])C([H])([H])SC([H])([H])[H])c([H])c([H])c2OC([H])([H])[H])nc(N([H])c2c([H])c([H])c([H])c([H])c2C(=O)N([H])C([H])([H])[H])c1Cl
44,pruned,reactant,[H]C([H])=C([H])C(=O)N([H])c1c([H])c([H])c([15H])c([12H])c1[H]
44,pruned,intermediate,[H]c1c([H])c(N([H])C(=O)[C-]([H])C([H])([H])SC([H])([H])[H])c([H])c([12H])c1[15H]
44,pruned,product,[H]c1c([H])c(N([H])C(=O)C([H])([H])C([H])([H])SC([H])([H])[H])c([H])c([12H])c1[15H]
45,original,reactant,CNC(C1=C(NC2=C(Cl)C=NC(NC3=C(OC)C=CC(NC(/C=C/CN(C)C)=O)=C3)=N2)C=CC=C1)=O
45,original,intermediate,[H]c1nc(N([H])c2c([H])c(N([H])C(=O)[C-]([H])C([H])(SC([H])([H])[H])C([H])([H])N(C([H])([H])[H])C([H])([H])[H])c([H])c([H])c2OC([H])([H])[H])nc(N([H])c2c([H])c([H])c([H])c([H])c2C(=O)N([H])C([H])([H])[H])c1Cl
45,original,product,[H]c1nc(N([H])c2c([H])c(N([H])C(=O)C([H])([H])C([H])(SC([H])([H])[H])C([H])([H])N(C([H])([H])[H])C([H])([H])[H])c([H])c([H])c2OC([H])([H])[H])nc(N([H])c2c([H])c([H])c([H])c([H])c2C(=O)N([H])C([H])([H])[H])c1Cl
45,pruned,reactant,[H]/C(C(=O)N([H])c1c([H])c([H])c([15H])c([12H])c1[H])=C(/[H])C([H])([H])N(C([H])([H])[H])C([H])([H])[H]
45,pruned,intermediate,[H]c1c([H])c(N([H])C(=O)[C-]([H])C([H])(SC([H])([H])[H])C([H])([H])N(C([H])([H])[H])C([H])([H])[H])c([H])c([12H])c1[15H]
45,pruned,product,[H]c1c([H])c(N([H])C(=O)C([H])([H])C([H])(SC([H])([H])[H])C([H])([H])N(C([H])([H])[H])C([H])([H])[H])c([H])c([12H])c1[15H]
46,original,reactant,CNC(C1=C(NC2=C(Cl)C=NC(NC3=C(OC)C=CC(NC(C(CN4CCOCC4)=C)=O)=C3)=N2)C=CC=C1)=O
46,original,intermediate,[H]c1nc(N([H])c2c([H])c(N([H])C(=O)[C-](C([H])([H])SC([H])([H])[H])C([H])([H])N3C([H])([H])C([H])([H])OC([H])([H])C3([H])[H])c([H])c([H])c2OC([H])([H])[H])nc(N([H])c2c([H])c([H])c([H])c([H])c2C(=O)N([H])C([H])([H])[H])c1Cl
46,original,product,[H]c1nc(N([H])c2c([H])c(N([H])C(=O)C([H])(C([H])([H])SC([H])([H])[H])C([H])([H])N3C([H])([H])C([H])([H])OC([H])([H])C3([H])[H])c([H])c([H])c2OC([H])([H])[H])nc(N([H])c2c([H])c([H])c([H])c([H])c2C(=O)N([H])C([H])([H])[H])c1Cl
46,pruned,reactant,[H]C([H])=C(C(=O)N([H])c1c([H])c([H])c([15H])c([12H])c1[H])C([H])([H])N1C([H])([H])C([H])([H])OC([H])([H])C1([H])[H]
46,pruned,intermediate,[H]c1c([H])c(N([H])C(=O)[C-](C([H])([H])SC([H])([H])[H])C([H])([H])N2C([H])([H])C([H])([H])OC([H])([H])C2([H])[H])c([H])c([12H])c1[15H]
46,pruned,product,[H]c1c([H])c(N([H])C(=O)C([H])(C([H])([H])SC([H])([H])[H])C([H])([H])N2C([H])([H])C([H])([H])OC([H])([H])C2([H])[H])c([H])c([12H])c1[15H]
47,original,reactant,ClC(C=NC(NC1=C(OC)C=CC(NC(C2=CCCN(C)C2)=O)=C1)=N3)=C3C4=C5C=CC=CN5N=C4
47,original,intermediate,[H]C1=C([H])c2c(-c3nc(N([H])c4c([H])c(N([H])C(=O)[C-]5C([H])([H])N(C([H])([H])[H])C([H])([H])C([H])([H])C5([H])SC([H])([H])[H])c([H])c([H])c4OC([H])([H])[H])nc([H])c3Cl)c([H])nn2C([H])=C1[H]
47,original,product,[H]c1nc(N([H])c2c([H])c(N([H])C(=O)C3([H])C([H])([H])N(C([H])([H])[H])C([H])([H])C([H])([H])C3([H])SC([H])([H])[H])c([H])c([H])c2OC([H])([H])[H])nc(-c2c([H])nn3c([H])c([H])c([H])c([H])c23)c1Cl
47,pruned,reactant,[H]C1=C(C(=O)N([H])c2c([H])c([H])c([8H])c([5H])c2[H])C([H])([H])N(C([H])([H])[H])C([H])([H])C1([H])[H]
47,pruned,intermediate,[H]c1c([H])c(N([H])C(=O)[C-]2C([H])([H])N(C([H])([H])[H])C([H])([H])C([H])([H])C2([H])SC([H])([H])[H])c([H])c([5H])c1[8H]
47,pruned,product,[H]c1c([H])c(N([H])C(=O)C2([H])C([H])([H])N(C([H])([H])[H])C([H])([H])C([H])([H])C2([H])SC([H])([H])[H])c([H])c([5H])c1[8H]
48,original,reactant,ClC(C=NC(NC1=C(OC)C=CC(NC(C2=CCN(C)CC2)=O)=C1)=N3)=C3C4=C5C=CC=CN5N=C4
48,original,intermediate,[H]C1=C([H])c2c(-c3nc(N([H])c4c([H])c(N([H])C(=O)[C-]5C([H])([H])C([H])([H])N(C([H])([H])[H])C([H])([H])C5([H])SC([H])([H])[H])c([H])c([H])c4OC([H])([H])[H])nc([H])c3Cl)c([H])nn2C([H])=C1[H]
48,original,product,[H]c1nc(N([H])c2c([H])c(N([H])C(=O)C3([H])C([H])([H])C([H])([H])N(C([H])([H])[H])C([H])([H])C3([H])SC([H])([H])[H])c([H])c([H])c2OC([H])([H])[H])nc(-c2c([H])nn3c([H])c([H])c([H])c([H])c23)c1Cl
48,pruned,reactant,[H]C1=C(C(=O)N([H])c2c([H])c([H])c([8H])c([5H])c2[H])C([H])([H])C([H])([H])N(C([H])([H])[H])C1([H])[H]
48,pruned,intermediate,[H]c1c([H])c(N([H])C(=O)[C-]2C([H])([H])C([H])([H])N(C([H])([H])[H])C([H])([H])C2([H])SC([H])([H])[H])c([H])c([5H])c1[8H]
48,pruned,product,[H]c1c([H])c(N([H])C(=O)C2([H])C([H])([H])C([H])([H])N(C([H])([H])[H])C([H])([H])C2([H])SC([H])([H])[H])c([H])c([5H])c1[8H]
53,original,reactant,FC1=C(Cl)C=C(NC2=C(C#N)C=NC3=C2C=C(NC(/C=C/CN(C)C)=O)C(OCC)=C3)C=C1
53,original,intermediate,[H]c1nc2c([H])c(OC([H])([H])C([H])([H])[H])c(N([H])C(=O)[C-]([H])C([H])(SC([H])([H])[H])C([H])([H])N(C([H])([H])[H])C([H])([H])[H])c([H])c2c(N([H])c2c([H])c([H])c(F)c(Cl)c2[H])c1C#N
53,original,product,[H]c1nc2c([H])c(OC([H])([H])C([H])([H])[H])c(N([H])C(=O)C([H])([H])C([H])(SC([H])([H])[H])C([H])([H])N(C([H])([H])[H])C([H])([H])[H])c([H])c2c(N([H])c2c([H])c([H])c(F)c(Cl)c2[H])c1C#N
53,pruned,reactant,[H]/C(C(=O)N([H])c1c([27H])c([H])c2nc([H])c([9H])c([6H])c2c1[H])=C(/[H])C([H])([H])N(C([H])([H])[H])C([H])([H])[H]
53,pruned,intermediate,[H]c1nc2c([H])c([27H])c(N([H])C(=O)[C-]([H])C([H])(SC([H])([H])[H])C([H])([H])N(C([H])([H])[H])C([H])([H])[H])c([H])c2c([6H])c1[9H]
53,pruned,product,[H]c1nc2c([H])c([27H])c(N([H])C(=O)C([H])([H])C([H])(SC([H])([H])[H])C([H])([H])N(C([H])([H])[H])C([H])([H])[H])c([H])c2c([6H])c1[9H]
54,original,reactant,ClC1=C(OCC2=NC=CC=C2)C=CC(NC3=C(C#N)C=NC4=C3C=C(NC(/C=C/CN(C)C)=O)C(OCC)=C4)=C1
54,original,intermediate,[H]c1nc(C([H])([H])Oc2c([H])c([H])c(N([H])c3c(C#N)c([H])nc4c([H])c(OC([H])([H])C([H])([H])[H])c(N([H])C(=O)[C-]([H])C([H])(SC([H])([H])[H])C([H])([H])N(C([H])([H])[H])C([H])([H])[H])c([H])c34)c([H])c2Cl)c([H])c([H])c1[H]
54,original,product,[H]c1nc(C([H])([H])Oc2c([H])c([H])c(N([H])c3c(C#N)c([H])nc4c([H])c(OC([H])([H])C([H])([H])[H])c(N([H])C(=O)C([H])([H])C([H])(SC([H])([H])[H])C([H])([H])N(C([H])([H])[H])C([H])([H])[H])c([H])c34)c([H])c2Cl)c([H])c([H])c1[H]
54,pruned,reactant,[H]/C(C(=O)N([H])c1c([35H])c([H])c2nc([H])c([17H])c([14H])c2c1[H])=C(/[H])C([H])([H])N(C([H])([H])[H])C([H])([H])[H]
54,pruned,intermediate,[H]c1nc2c([H])c([35H])c(N([H])C(=O)[C-]([H])C([H])(SC([H])([H])[H])C([H])([H])N(C([H])([H])[H])C([H])([H])[H])c([H])c2c([14H])c1[17H]
54,pruned,product,[H]c1nc2c([H])c([35H])c(N([H])C(=O)C([H])([H])C([H])(SC([H])([H])[H])C([H])([H])N(C([H])([H])[H])C([H])([H])[H])c([H])c2c([14H])c1[17H]
55,original,reactant,O=C(C=C)NC1=CC2=C(C=C1)N=CN=C2NC3=CC=CC(C)=C3
55,original,intermediate,[H]c1nc(N([H])c2c([H])c([H])c([H])c(C([H])([H])[H])c2[H])c2c([H])c(N([H])C(=O)[C-]([H])C([H])([H])SC([H])([H])[H])c([H])c([H])c2n1
55,original,product,[H]c1nc(N([H])c2c([H])c([H])c([H])c(C([H])([H])[H])c2[H])c2c([H])c(N([H])C(=O)C([H])([H])C([H])([H])SC([H])([H])[H])c([H])c([H])c2n1
55,pruned,reactant,[H]C([H])=C([H])C(=O)N([H])c1c([H])c([H])c2nc([H])nc([15H])c2c1[H]
55,pruned,intermediate,[H]c1nc([15H])c2c([H])c(N([H])C(=O)[C-]([H])C([H])([H])SC([H])([H])[H])c([H])c([H])c2n1
55,pruned,product,[H]c1nc([15H])c2c([H])c(N([H])C(=O)C([H])([H])C([H])([H])SC([H])([H])[H])c([H])c([H])c2n1
