Name,RC,SMILES,charge,QCa,QCb,E_HOMO,E_LUMO,f_plus_Cb,f_minus_Cb,f_zero_Cb,f_plus_Ca,f_minus_Ca,f_zero_Ca,"E(opt, kcal/mol)","time(opt, sec)","E(rattled, kcal/mol)","E(initial, kcal/mol)"
S4-1.1,reactant,[H]c1c([H])c([H])c(N([H])C(=O)[C:91]([H])=[C:92]([H])[H])c([H])c1[H],0,-0.1520685,-0.27694634,-201.755621587237,12.894143692209925,0.16315567,0.095345706,0.12925069,0.08939244,-0.0023792088,0.043506615,-300375.3818456476,5.728903163224459,-300372.69526023977,-300374.7874470809
S4-1.1,intermediate,[H]c1c([H])c([H])c(N([H])C(=O)[C-:91]([H])[C:92]([H])([H])[S:93]C([H])([H])[H])c([H])c1[H],-1,-0.4749533,-0.11214644,-65.00063090548137,114.73340249628744,-0.009134948,0.02351623,0.007190641,-0.021565437,0.3311384,0.15478648,-575374.2997913649,8.259921254590154,-575370.3957400604,-575371.7107136867
S4-1.1,product,[H]c1c([H])c([H])c(N([H])C(=O)[C:91]([H])([H])[C:92]([H])([H])[S:93]C([H])([H])[H])c([H])c1[H],0,-0.14306568,-0.108183704,-193.44708180099363,18.70441760541687,-0.027641408,-0.037405632,-0.03252352,0.03579344,0.020413138,0.028103288,-575740.5947454454,3.09518863260746,-575737.3332374032,-575738.651760206
S4-2o.1,reactant,[H]c1c([H])c([H])c(N([H])C(=O)[C:91]([H])=[C:92]([H])[H])c(F)c1[H],0,-0.14862393,-0.27723318,-203.87515668526405,9.1829611135838,0.14384717,0.10008718,0.121967174,0.07833959,-0.0019960552,0.03817177,-362688.2588499071,0.5053934752941132,-362686.2224225466,-362687.6736337031
S4-2o.1,intermediate,[H]c1c([H])c([H])c(N([H])C(=O)[C-:91]([H])[C:92]([H])([H])[S:93]C([H])([H])[H])c(F)c1[H],-1,-0.49932352,-0.11314574,-66.41912483739902,111.58021384541934,-0.022349946,0.021107405,-0.0006212704,-0.0006009042,0.3346172,0.16700813,-637684.9317412467,1.9428988546133041,-637678.6809206224,-637681.4784027872
S4-2o.1,product,[H]c1c([H])c([H])c(N([H])C(=O)[C:91]([H])([H])[C:92]([H])([H])[S:93]C([H])([H])[H])c(F)c1[H],0,-0.1339404,-0.111197546,-194.91086090648963,15.080247825278198,-0.048666507,-0.040211767,-0.044439137,0.037174568,0.006889388,0.022031978,-638052.8815201791,0.9347019633278251,-638050.0274950251,-638051.9129377315
S4-2o.2,reactant,[H]c1c([H])c([H])c(N([H])C(=O)[C:91]([H])=[C:92]([H])[H])c(F)c1[H],0,-0.14856745,-0.27726677,-203.87960710290247,9.177343200880955,0.14369783,0.10006142,0.12187962,0.07833704,-0.0020202696,0.038158387,-362688.25847427757,0.5444315252825618,-362686.03007215104,-362687.67381505447
S4-2o.2,intermediate,[H]c1c([H])c([H])c(N([H])C(=O)[C-:91]([H])[C:92]([H])([H])[S:93]C([H])([H])[H])c(F)c1[H],-1,-0.45296696,-0.121023506,-65.43176167120245,109.75635295908816,-0.016042776,0.021627165,0.0027921945,-0.015486419,0.3435756,0.16404459,-637685.1245400393,2.1839696001261473,-637681.2888156172,-637682.908460142
S4-2o.2,product,[H]c1c([H])c([H])c(N([H])C(=O)[C:91]([H])([H])[C:92]([H])([H])[S:93]C([H])([H])[H])c(F)c1[H],0,-0.1427716,-0.12585087,-192.6296473992555,15.774515473131423,-0.022937484,-0.015137404,-0.019037444,0.018063858,0.008466303,0.013265081,-638053.1645792759,2.304868197068572,-638049.5523178403,-638050.8278485772
S4-4o.1,reactant,[H]c1c([H])c([H])c(C([H])([H])[H])c(N([H])C(=O)[C:91]([H])=[C:92]([H])[H])c1[H],0,-0.14967044,-0.28046328,-198.02566756537522,12.546433327583776,0.11600134,0.057389453,0.086695395,0.06792453,-0.00089119375,0.033516668,-325062.61516921566,0.8845801893621683,-325059.8419239571,-325061.577473169
S4-4o.1,intermediate,[H]c1c([H])c([H])c(C([H])([H])[H])c(N([H])C(=O)[C-:91]([H])[C:92]([H])([H])[S:93]C([H])([H])[H])c1[H],-1,-0.4816351,-0.12497924,-68.87809976373143,113.38475914608499,-0.024295174,0.03558258,0.005643703,-0.006528139,0.36049944,0.17698565,-600058.5126778338,2.8837446523830295,-600052.4780750374,-600054.2111187304
S4-4o.1,product,[H]c1c([H])c([H])c(C([H])([H])[H])c(N([H])C(=O)[C:91]([H])([H])[C:92]([H])([H])[S:93]C([H])([H])[H])c1[H],0,-0.14113347,-0.11751093,-188.41215066919787,19.539158835839043,-0.013192624,-0.022181347,-0.017686985,0.01958014,0.004434794,0.012007467,-600430.0702673548,1.6340025626122952,-600425.3792605222,-600427.8365877597
S4-4o.2,reactant,[H]c1c([H])c([H])c(C([H])([H])[H])c(N([H])C(=O)[C:91]([H])=[C:92]([H])[H])c1[H],0,-0.14917967,-0.28176236,-197.3199537716139,13.136552327322761,0.15057659,0.08889443,0.11973551,0.098074734,-0.0073230863,0.045375824,-325063.81347750424,0.6836747601628304,-325061.1638053855,-325063.1013826083
S4-4o.2,intermediate,[H]c1c([H])c([H])c(C([H])([H])[H])c(N([H])C(=O)[C-:91]([H])[C:92]([H])([H])[S:93]C([H])([H])[H])c1[H],-1,-0.5064669,-0.110117294,-66.19019169686332,112.29523986957021,-0.0020294935,0.034534574,0.01625254,-0.0010157824,0.30741203,0.15319812,-600061.2684520553,4.0033997325226665,-600053.6513977612,-600056.4377652928
S4-4o.2,product,[H]c1c([H])c([H])c(C([H])([H])[H])c(N([H])C(=O)[C:91]([H])([H])[C:92]([H])([H])[S:93]C([H])([H])[H])c1[H],0,-0.1298912,-0.10455689,-190.23953109351834,18.253082472869686,-0.04247357,-0.045928597,-0.044201083,0.049191758,0.0048407614,0.02701626,-600428.7593149984,1.1224047355353832,-600425.3330542687,-600427.6592410008
S4-4o.3,reactant,[H]c1c([H])c([H])c(C([H])([H])[H])c(N([H])C(=O)[C:91]([H])=[C:92]([H])[H])c1[H],0,-0.14913715,-0.28182223,-197.33341874570067,13.127282326925254,0.15039003,0.08885749,0.11962376,0.09853132,-0.0073398054,0.045595758,-325063.8117128491,0.7035872535780072,-325061.145996104,-325063.10028787825
S4-4o.3,intermediate,[H]c1c([H])c([H])c(C([H])([H])[H])c(N([H])C(=O)[C-:91]([H])[C:92]([H])([H])[S:93]C([H])([H])[H])c1[H],-1,-0.48439544,-0.11842038,-64.89522668737736,111.40214154716254,-0.0025567785,0.028773956,0.013108589,-0.02551362,0.34453106,0.15950872,-600061.9273622604,2.0219058198854327,-600057.4434370648,-600059.0623568678
S4-4o.3,product,[H]c1c([H])c([H])c(C([H])([H])[H])c(N([H])C(=O)[C:91]([H])([H])[C:92]([H])([H])[S:93]C([H])([H])[H])c1[H],0,-0.14127055,-0.117708966,-188.48858386416353,19.552141991853205,-0.0132967755,-0.022261381,-0.017779078,0.019608483,0.0044893175,0.0120489,-600430.0824622981,1.705720130354166,-600424.6472300594,-600427.8781747418
S4-5o.1,reactant,[H]c1c([H])c([H])c(C(F)(F)F)c(N([H])C(=O)[C:91]([H])=[C:92]([H])[H])c1[H],0,-0.14604282,-0.27659318,-207.00573544916884,-0.42991463436740485,0.109568715,0.09530166,0.10243519,0.06497887,0.002069503,0.033524185,-512009.8474755085,0.8070029858499765,-512007.10226970783,-512008.9945434282
S4-5o.1,intermediate,[H]c1c([H])c([H])c(C(F)(F)F)c(N([H])C(=O)[C-:91]([H])[C:92]([H])([H])[S:93]C([H])([H])[H])c1[H],-1,-0.4837027,-0.11834347,-72.04868707484677,100.76803953751795,-0.00820189,0.018006928,0.0049025193,-0.01736179,0.38768393,0.18516107,-787008.0997520526,2.260880647227168,-787000.0595960311,-787002.6433755672
S4-5o.1,product,[H]c1c([H])c([H])c(C(F)(F)F)c(N([H])C(=O)[C:91]([H])([H])[C:92]([H])([H])[S:93]C([H])([H])[H])c1[H],0,-0.13106485,-0.12387438,-195.7069914963195,7.201046202460369,-0.052234136,-0.029778764,-0.04100645,0.036712438,0.012770891,0.024741665,-787377.5439213333,1.116795458830893,-787374.385664281,-787376.3292671537
S4-3o.1,reactant,[H]c1c([H])c([H])c(N([H])C(=O)[C:91]([H])=[C:92]([H])[H])c(Cl)c1[H],0,-0.14618538,-0.27318752,-203.089837717705,4.249268317001918,0.10443726,0.063807175,0.08412222,0.047102287,0.005743131,0.02642271,-588820.7287421299,1.044075527228415,-588817.9320805762,-588819.8387619826
S4-3o.1,intermediate,[H]c1c([H])c([H])c(N([H])C(=O)[C-:91]([H])[C:92]([H])([H])[S:93]C([H])([H])[H])c(Cl)c1[H],-1,-0.48947084,-0.11786258,-67.27837751505608,105.63770895638093,-0.0058507025,0.024585016,0.009367157,-0.023401856,0.3460735,0.16133583,-863822.8626365914,1.8727065110579133,-863818.841401864,-863820.759784795
S4-3o.1,product,[H]c1c([H])c([H])c(N([H])C(=O)[C:91]([H])([H])[C:92]([H])([H])[S:93]C([H])([H])[H])c(Cl)c1[H],0,-0.13376714,-0.112058334,-194.15882210995613,10.939773343769632,-0.048946008,-0.040338553,-0.04464228,0.037987426,0.012158789,0.025073107,-864186.5666070869,0.9627643171697855,-864183.209101528,-864185.6840044046
S4-3o.2,reactant,[H]c1c([H])c([H])c(N([H])C(=O)[C:91]([H])=[C:92]([H])[H])c(Cl)c1[H],0,-0.14335568,-0.27129722,-203.2797268359461,4.487443852349606,0.1040366,0.062986985,0.08351179,0.049504712,0.0053554326,0.027430072,-588820.7227015959,0.48525613732635975,-588818.6279973405,-588820.12454719
S4-3o.2,intermediate,[H]c1c([H])c([H])c(N([H])C(=O)[C-:91]([H])[C:92]([H])([H])[S:93]C([H])([H])[H])c(Cl)c1[H],-1,-0.48938638,-0.11777991,-67.27251502558552,105.65847227200906,-0.005824305,0.024581544,0.0093786195,-0.023606569,0.3461243,0.16125885,-863822.8612001294,1.8432996831834316,-863818.3930981873,-863820.7631895118
S4-3o.2,product,[H]c1c([H])c([H])c(N([H])C(=O)[C:91]([H])([H])[C:92]([H])([H])[S:93]C([H])([H])[H])c(Cl)c1[H],0,-0.13378043,-0.1117664,-194.1188757891149,10.94528612904472,-0.049002483,-0.04045187,-0.044727176,0.03782387,0.012080774,0.024952322,-864186.5633946887,1.0212620673701167,-864183.1974577024,-864185.6817079297
S4-3o.3,reactant,[H]c1c([H])c([H])c(N([H])C(=O)[C:91]([H])=[C:92]([H])[H])c(Cl)c1[H],0,-0.14609095,-0.2726763,-203.1227901070717,4.351508056168496,0.1047135,0.06348528,0.08409939,0.047460347,0.005941853,0.0267011,-588820.7440109286,0.8731521517038345,-588818.3578340126,-588819.9432834967
S4-3o.3,intermediate,[H]c1c([H])c([H])c(N([H])C(=O)[C-:91]([H])[C:92]([H])([H])[S:93]C([H])([H])[H])c(Cl)c1[H],-1,-0.5142364,-0.11574507,-66.59251520388952,108.02935146053845,-0.017743006,0.026766099,0.0045115463,-0.0088611245,0.33918834,0.1651636,-863819.6002240126,1.961166844703257,-863814.9110271544,-863816.1125756371
S4-3o.3,product,[H]c1c([H])c([H])c(N([H])C(=O)[C:91]([H])([H])[C:92]([H])([H])[S:93]C([H])([H])[H])c(Cl)c1[H],0,-0.13371767,-0.112032756,-194.15620381110278,10.940977559856826,-0.048908018,-0.040308222,-0.04460812,0.03809917,0.012236603,0.025167886,-864186.5638702272,0.9154163850471377,-864183.6522458404,-864185.679556009
S4-6o.1,reactant,[H]c1c([H])c([H])c(-c2c([H])c([H])c([H])c([H])c2N([H])C(=O)[C:91]([H])=[C:92]([H])[H])c([H])c1[H],0,-0.14812341,-0.26827198,-186.23146429155872,-0.6266204381600567,0.07122418,0.045043692,0.058133937,0.024940282,0.003261909,0.0141010955,-445470.15043194557,4.0412562899291515,-445463.5737269964,-445467.4004837868
S4-6o.1,intermediate,[H]c1c([H])c([H])c(-c2c([H])c([H])c([H])c([H])c2N([H])C(=O)[C-:91]([H])[C:92]([H])([H])[S:93]C([H])([H])[H])c([H])c1[H],-1,-0.50429666,-0.12357757,-66.63481837271412,89.95149686211327,-0.0067694783,0.026617497,0.009924009,-0.025441289,0.34120506,0.15788189,-720470.0908213435,1.8967244289815426,-720464.0293396441,-720466.9364584215
S4-6o.1,product,[H]c1c([H])c([H])c(-c2c([H])c([H])c([H])c([H])c2N([H])C(=O)[C:91]([H])([H])[C:92]([H])([H])[S:93]C([H])([H])[H])c([H])c1[H],0,-0.13785282,-0.13149044,-176.97824232452672,8.540913922987448,-0.01684095,-0.009380087,-0.013110518,0.011427239,0.009700909,0.010564074,-720837.9555429165,2.59194293897599,-720831.0425043312,-720835.4123610465
S4-6o.2,reactant,[H]c1c([H])c([H])c(-c2c([H])c([H])c([H])c([H])c2N([H])C(=O)[C:91]([H])=[C:92]([H])[H])c([H])c1[H],0,-0.14837804,-0.26829308,-186.3493625342894,-0.5634627351559988,0.07155746,0.045219988,0.058388725,0.024799481,0.0033296794,0.01406458,-445470.14463758795,3.984017491340637,-445464.6952039655,-445467.394417487
S4-6o.2,intermediate,[H]c1c([H])c([H])c(-c2c([H])c([H])c([H])c([H])c2N([H])C(=O)[C-:91]([H])[C:92]([H])([H])[S:93]C([H])([H])[H])c([H])c1[H],-1,-0.52799493,-0.102371894,-67.18793862870531,92.04703041136044,0.0023165494,0.028799929,0.015558239,-0.0048573017,0.33044454,0.16279362,-720469.0988309962,4.283126604743302,-720459.8481733433,-720462.8967177273
S4-6o.2,product,[H]c1c([H])c([H])c(-c2c([H])c([H])c([H])c([H])c2N([H])C(=O)[C:91]([H])([H])[C:92]([H])([H])[S:93]C([H])([H])[H])c([H])c1[H],0,-0.14341404,-0.11022694,-178.6055124215853,7.006589360082578,-0.020016097,-0.018857725,-0.01943691,0.016581014,0.01366666,0.015123837,-720837.0762043464,4.278195280581713,-720831.572964353,-720834.267983672
S4-6o.3,reactant,[H]c1c([H])c([H])c(-c2c([H])c([H])c([H])c([H])c2N([H])C(=O)[C:91]([H])=[C:92]([H])[H])c([H])c1[H],0,-0.14814316,-0.27998528,-184.7695094695877,0.4139883606339411,0.08182311,0.06820394,0.075013526,0.040891632,-0.0032203496,0.018835641,-445470.7153613137,2.1549714328721166,-445467.17653967487,-445469.84040861716
S4-6o.3,intermediate,[H]c1c([H])c([H])c(-c2c([H])c([H])c([H])c([H])c2N([H])C(=O)[C-:91]([H])[C:92]([H])([H])[S:93]C([H])([H])[H])c([H])c1[H],-1,-0.50485235,-0.12388932,-66.62551208842241,90.00738662068524,-0.00633049,0.026722267,0.010195889,-0.024372578,0.33861914,0.15712328,-720470.07840679,1.889555586501956,-720463.1841803457,-720467.0857625699
S4-6o.3,product,[H]c1c([H])c([H])c(-c2c([H])c([H])c([H])c([H])c2N([H])C(=O)[C:91]([H])([H])[C:92]([H])([H])[S:93]C([H])([H])[H])c([H])c1[H],0,-0.12722458,-0.1142079,-177.3599465903291,3.9050089043434957,-0.046612307,-0.039542235,-0.04307727,0.026756406,0.01421269,0.020484548,-720835.83451183,1.8550551794469357,-720831.3714105566,-720834.5490670931
S4-8o.1,reactant,[H]c1c([H])c([H])c(N([H])C(=O)[C:91]([H])=[C:92]([H])[H])c(C#N)c1[H],0,-0.14226362,-0.26878968,-209.49207719032486,-8.820134402854512,0.079466194,0.06431407,0.07189013,0.033530295,0.008157045,0.02084367,-358304.2365034956,2.083844947628677,-358301.34924992296,-358302.6814778149
S4-8o.1,intermediate,[H]c1c([H])c([H])c(N([H])C(=O)[C-:91]([H])[C:92]([H])([H])[S:93]C([H])([H])[H])c(C#N)c1[H],-1,-0.4887,-0.117995165,-73.25868950061849,87.71001000059954,-0.011619598,0.02448617,0.006433286,-0.024971455,0.34222597,0.15862727,-633311.0014413109,1.985125464387238,-633306.4178746445,-633308.4652185632
S4-8o.1,product,[H]c1c([H])c([H])c(N([H])C(=O)[C:91]([H])([H])[C:92]([H])([H])[S:93]C([H])([H])[H])c(C#N)c1[H],0,-0.13865599,-0.12928265,-195.40040908575716,0.32534420672580155,-0.03035418,-0.01481159,-0.022582885,0.01322861,0.011202246,0.012215428,-633670.9555566853,2.3987233322113752,-633666.3307618215,-633668.3250111453
S4-8o.2,reactant,[H]c1c([H])c([H])c(N([H])C(=O)[C:91]([H])=[C:92]([H])[H])c(C#N)c1[H],0,-0.1456832,-0.26993665,-208.74959546127104,-8.286573696578321,0.10022846,0.09284307,0.096535765,0.050121352,0.0034519285,0.02678664,-358305.20392176736,0.6576662305742502,-358302.1502986265,-358304.25735131797
S4-8o.2,intermediate,[H]c1c([H])c([H])c(N([H])C(=O)[C-:91]([H])[C:92]([H])([H])[S:93]C([H])([H])[H])c(C#N)c1[H],-1,-0.48885828,-0.11796742,-73.2051541223781,87.73806194106503,-0.011840321,0.02428881,0.006224245,-0.025112242,0.3427407,0.15881422,-633310.9915264617,1.9176479140296578,-633307.476522632,-633308.5037466423
S4-8o.2,product,[H]c1c([H])c([H])c(N([H])C(=O)[C:91]([H])([H])[C:92]([H])([H])[S:93]C([H])([H])[H])c(C#N)c1[H],0,-0.13115214,-0.119121276,-198.48643785753947,-2.9428028018329044,-0.059774134,-0.03846287,-0.049118504,0.038306743,0.02173002,0.030018382,-633669.7372287487,0.9809872694313526,-633666.2826939706,-633668.3394105278
S4-8o.3,reactant,[H]c1c([H])c([H])c(N([H])C(=O)[C:91]([H])=[C:92]([H])[H])c(C#N)c1[H],0,-0.1457143,-0.26992336,-208.75582390860288,-8.287210938416223,0.10019764,0.0928323,0.09651497,0.050086617,0.0034578443,0.02677223,-358305.20369811513,0.6034030243754387,-358301.930364677,-358304.25765448756
S4-8o.3,intermediate,[H]c1c([H])c([H])c(N([H])C(=O)[C-:91]([H])[C:92]([H])([H])[S:93]C([H])([H])[H])c(C#N)c1[H],-1,-0.48911488,-0.11833847,-73.24546935011494,87.77889066210555,-0.011735499,0.024500005,0.006382253,-0.024946421,0.3419881,0.15852085,-633310.9862804732,2.003688615746796,-633306.2677094352,-633308.499737576
S4-8o.3,product,[H]c1c([H])c([H])c(N([H])C(=O)[C:91]([H])([H])[C:92]([H])([H])[S:93]C([H])([H])[H])c(C#N)c1[H],0,-0.1318561,-0.11878587,-198.32615728053682,-3.035911500505594,-0.060512383,-0.038840517,-0.049676448,0.03743124,0.021381654,0.029406447,-633669.7252640387,0.7230053907260299,-633666.7297215794,-633668.3408092834
S4-11o.1,reactant,[H]c1c([H])c([H])c(N(C([H])([H])[H])C([H])([H])[H])c(N([H])C(=O)[C:91]([H])=[C:92]([H])[H])c1[H],0,-0.1444389,-0.2863868,-184.81203488521325,5.449123821783294,0.109527916,0.075443506,0.09248571,0.07129611,-0.0034014434,0.033947334,-384496.9874965041,0.8953959625214338,-384493.4536384238,-384496.3538947255
S4-11o.1,intermediate,[H]c1c([H])c([H])c(N(C([H])([H])[H])C([H])([H])[H])c(N([H])C(=O)[C-:91]([H])[C:92]([H])([H])[S:93]C([H])([H])[H])c1[H],-1,-0.5116617,-0.118622325,-62.545117645947016,105.68795053274323,0.0009768158,0.03276176,0.016869288,-0.0055160522,0.31264824,0.15356609,-659493.2555277935,2.1654836861416698,-659485.2935803074,-659487.6749660703
S4-11o.1,product,[H]c1c([H])c([H])c(N(C([H])([H])[H])C([H])([H])[H])c(N([H])C(=O)[C:91]([H])([H])[C:92]([H])([H])[S:93]C([H])([H])[H])c1[H],0,-0.11624833,-0.1057358,-181.71671919534833,9.395974137434802,-0.043026224,-0.043225996,-0.04312611,0.05420173,0.010109894,0.03215581,-659856.8721999733,1.9049970796331763,-659851.8843375845,-659855.1800268644
S4-11o.2,reactant,[H]c1c([H])c([H])c(N(C([H])([H])[H])C([H])([H])[H])c(N([H])C(=O)[C:91]([H])=[C:92]([H])[H])c1[H],0,-0.14371388,-0.2818185,-186.14023162016804,8.340538259818253,0.08284244,0.052492827,0.06766763,0.050260752,0.00024995208,0.025255352,-384496.79254681873,1.0255641844123602,-384492.5596707386,-384495.60044703813
S4-11o.2,intermediate,[H]c1c([H])c([H])c(N(C([H])([H])[H])C([H])([H])[H])c(N([H])C(=O)[C-:91]([H])[C:92]([H])([H])[S:93]C([H])([H])[H])c1[H],-1,-0.48619497,-0.12357026,-62.67558390435086,104.43427058915518,-0.0070430785,0.029089205,0.011023063,-0.021099567,0.32202196,0.1504612,-659494.7573008077,2.0678431130945683,-659488.9807190968,-659491.6537732022
S4-11o.2,product,[H]c1c([H])c([H])c(N(C([H])([H])[H])C([H])([H])[H])c(N([H])C(=O)[C:91]([H])([H])[C:92]([H])([H])[S:93]C([H])([H])[H])c1[H],0,-0.12704456,-0.10595146,-181.077147375274,13.163607605763948,-0.044417847,-0.0452507,-0.04483427,0.03989762,0.009486668,0.024692144,-659862.761547169,1.552400284446776,-659858.8741503388,-659861.3445545471
S4-11o.3,reactant,[H]c1c([H])c([H])c(N(C([H])([H])[H])C([H])([H])[H])c(N([H])C(=O)[C:91]([H])=[C:92]([H])[H])c1[H],0,-0.14428143,-0.28653517,-184.82320841981917,5.413980258383095,0.10934493,0.075464025,0.09240448,0.071297094,-0.0035111904,0.033892952,-384496.9870559366,0.8204067163169384,-384493.72984390846,-384496.36211468885
S4-11o.3,intermediate,[H]c1c([H])c([H])c(N(C([H])([H])[H])C([H])([H])[H])c(N([H])C(=O)[C-:91]([H])[C:92]([H])([H])[S:93]C([H])([H])[H])c1[H],-1,-0.51431257,-0.12171749,-62.207548026554115,104.04782061486003,0.0052947477,0.04156544,0.023430094,0.008935809,0.30153233,0.15523407,-659493.1291364433,2.7650411520153284,-659484.1727660095,-659487.6439084767
S4-11o.3,product,[H]c1c([H])c([H])c(N(C([H])([H])[H])C([H])([H])[H])c(N([H])C(=O)[C:91]([H])([H])[C:92]([H])([H])[S:93]C([H])([H])[H])c1[H],0,-0.11618948,-0.10569564,-181.7244710971026,9.38106595404397,-0.043129288,-0.043249212,-0.04318925,0.054126754,0.010111429,0.03211909,-659856.8688869621,1.937291425652802,-659852.3434273595,-659855.1895965828
S4-9o.1,reactant,[H]c1c([H])c([H])c(N([H])C(=O)[C:91]([H])=[C:92]([H])[H])c(OC([H])([H])[H])c1[H],0,-0.14563939,-0.28592685,-189.34944027248605,11.183745204370139,0.12689543,0.08401346,0.105454445,0.091175735,-0.0055407435,0.042817496,-372288.95286826324,0.7649878123775125,-372287.17681079987,-372288.3079143996
S4-9o.1,intermediate,[H]c1c([H])c([H])c(N([H])C(=O)[C-:91]([H])[C:92]([H])([H])[S:93]C([H])([H])[H])c(OC([H])([H])[H])c1[H],-1,-0.4727809,-0.123179816,-68.05340192542596,109.82504009575335,-0.027897082,0.026836641,-0.00053022057,0.009776443,0.35198227,0.18087935,-647279.0924696611,3.0611548647284508,-647267.2446144703,-647270.5783368327
S4-9o.1,product,[H]c1c([H])c([H])c(N([H])C(=O)[C:91]([H])([H])[C:92]([H])([H])[S:93]C([H])([H])[H])c(OC([H])([H])[H])c1[H],0,-0.13124436,-0.110741295,-184.04117114943955,15.9957039813093,-0.04722084,-0.046597473,-0.046909157,0.04312305,0.0069443434,0.025033697,-647653.5756458438,0.5580766974017024,-647649.9314631055,-647652.5978125756
S4-9o.2,reactant,[H]c1c([H])c([H])c(N([H])C(=O)[C:91]([H])=[C:92]([H])[H])c(OC([H])([H])[H])c1[H],0,-0.14556794,-0.2858967,-189.35837515504878,11.199069498291655,0.12693474,0.08399089,0.10546281,0.09117015,-0.0056527704,0.04275869,-372288.953951873,0.8664800459519029,-372287.1608800677,-372288.3036639772
S4-9o.2,intermediate,[H]c1c([H])c([H])c(N([H])C(=O)[C-:91]([H])[C:92]([H])([H])[S:93]C([H])([H])[H])c(OC([H])([H])[H])c1[H],-1,-0.46132967,-0.12984478,-60.12906966188499,108.40117121680433,-0.0150998905,0.02502679,0.00496345,-0.025988787,0.32935655,0.1516839,-647281.5231220918,1.8929239381104708,-647276.0479999331,-647278.8532300283
S4-9o.2,product,[H]c1c([H])c([H])c(N([H])C(=O)[C:91]([H])([H])[C:92]([H])([H])[S:93]C([H])([H])[H])c(OC([H])([H])[H])c1[H],0,-0.14702187,-0.10986818,-188.71382973409044,20.271791778336713,-0.02762463,-0.035697497,-0.031661063,0.03911528,0.008997008,0.024056144,-647649.0884030011,2.4168369127437472,-647642.590826425,-647645.4167230397
S4-9o.3,reactant,[H]c1c([H])c([H])c(N([H])C(=O)[C:91]([H])=[C:92]([H])[H])c(OC([H])([H])[H])c1[H],0,-0.14927904,-0.2811975,-190.46358347263316,10.56392406607504,0.10673806,0.060936704,0.08383738,0.05415076,0.002077505,0.028114133,-372287.8516603351,0.9345220038667321,-372285.30460601824,-372286.884093724
S4-9o.3,intermediate,[H]c1c([H])c([H])c(N([H])C(=O)[C-:91]([H])[C:92]([H])([H])[S:93]C([H])([H])[H])c(OC([H])([H])[H])c1[H],-1,-0.47054437,-0.12655585,-68.94741863569816,109.12415624752117,-0.021755941,0.03271702,0.005480539,0.007878602,0.34378737,0.17583299,-647279.2343391821,3.015967787243426,-647267.3906705547,-647270.0680546082
S4-9o.3,product,[H]c1c([H])c([H])c(N([H])C(=O)[C:91]([H])([H])[C:92]([H])([H])[S:93]C([H])([H])[H])c(OC([H])([H])[H])c1[H],0,-0.13039452,-0.11145821,-184.51843794831478,16.2691869973551,-0.05169399,-0.050546452,-0.05112022,0.056809366,0.017515525,0.037162445,-647653.7952914299,0.5593934189528227,-647650.2335906635,-647652.6655111802
S4-9o.4,reactant,[H]c1c([H])c([H])c(N([H])C(=O)[C:91]([H])=[C:92]([H])[H])c(OC([H])([H])[H])c1[H],0,-0.14569727,-0.28589144,-189.34284543884738,11.164553139802768,0.12697244,0.08400588,0.10548916,0.091067016,-0.0054684877,0.042799264,-372288.9516494407,0.6905383858829737,-372286.6109497263,-372288.3027182957
S4-9o.4,intermediate,[H]c1c([H])c([H])c(N([H])C(=O)[C-:91]([H])[C:92]([H])([H])[S:93]C([H])([H])[H])c(OC([H])([H])[H])c1[H],-1,-0.48812827,-0.124594904,-61.03359553635978,109.5035455305201,-0.0026370287,0.028049551,0.012706261,-0.030927092,0.3215886,0.14533076,-647284.4579945204,1.879992195405066,-647279.7583976348,-647281.8567041121
S4-9o.4,product,[H]c1c([H])c([H])c(N([H])C(=O)[C:91]([H])([H])[C:92]([H])([H])[S:93]C([H])([H])[H])c(OC([H])([H])[H])c1[H],0,-0.13114564,-0.11077782,-184.03007661140273,15.985953571709455,-0.047273114,-0.046562515,-0.046917815,0.043173596,0.0069478005,0.025060698,-647653.5796993951,0.6329445596784353,-647650.3347169625,-647652.5942171718
S4-10o.1,reactant,[H]c1c([H])c([H])c(N([H])C(=O)[C:91]([H])=[C:92]([H])[H])c(SC([H])([H])[H])c1[H],0,-0.13989241,-0.27676892,-191.7447390922494,2.3122098637591395,0.08960748,0.058546394,0.074076936,0.03770575,0.0007419884,0.019223869,-574971.4675996925,3.499657061882317,-574966.6021758852,-574968.6865932525
S4-10o.1,intermediate,[H]c1c([H])c([H])c(N([H])C(=O)[C-:91]([H])[C:92]([H])([H])[S:93]C([H])([H])[H])c(SC([H])([H])[H])c1[H],-1,-0.46233255,-0.12806727,-65.4506956207684,98.19243475716328,-0.021149673,0.026680335,0.0027653314,-0.035367846,0.33333123,0.14898169,-849969.4602311834,2.38255335111171,-849964.5700425643,-849966.6881365043
S4-10o.1,product,[H]c1c([H])c([H])c(N([H])C(=O)[C:91]([H])([H])[C:92]([H])([H])[S:93]C([H])([H])[H])c(SC([H])([H])[H])c1[H],0,-0.12909664,-0.10891094,-183.31816382134863,7.870709707996783,-0.047486734,-0.04174865,-0.04461769,0.02704826,0.012275472,0.019661866,-850337.4462661368,4.764508738182485,-850332.3621356434,-850334.7868548896
S4-10o.2,reactant,[H]c1c([H])c([H])c(N([H])C(=O)[C:91]([H])=[C:92]([H])[H])c(SC([H])([H])[H])c1[H],0,-0.1422794,-0.2792792,-191.54718852997257,2.9298475082870254,0.10100916,0.07613842,0.08857379,0.06090589,-0.001536414,0.029684737,-574972.3506107463,3.6094824401661754,-574967.4838511196,-574970.0838304653
S4-10o.2,intermediate,[H]c1c([H])c([H])c(N([H])C(=O)[C-:91]([H])[C:92]([H])([H])[S:93]C([H])([H])[H])c(SC([H])([H])[H])c1[H],-1,-0.5249884,-0.110796124,-67.16571591902607,100.56550300786792,0.011403054,0.04622209,0.028812572,-0.011300981,0.3292942,0.15899661,-849971.1407355412,2.1911103138700128,-849963.7623030969,-849965.1813829333
S4-10o.2,product,[H]c1c([H])c([H])c(N([H])C(=O)[C:91]([H])([H])[C:92]([H])([H])[S:93]C([H])([H])[H])c(SC([H])([H])[H])c1[H],0,-0.14251389,-0.12353173,-182.00400999046124,8.739568141814456,-0.024511345,-0.02187334,-0.023192342,0.025546491,0.021161377,0.023353934,-850337.7081709858,3.5432431623339653,-850332.0593063371,-850334.345911004
S4-10o.3,reactant,[H]c1c([H])c([H])c(N([H])C(=O)[C:91]([H])=[C:92]([H])[H])c(SC([H])([H])[H])c1[H],0,-0.14216115,-0.27928972,-191.56531614717636,2.937784564128052,0.101020694,0.07609093,0.08855581,0.0606824,-0.0015928745,0.029544763,-574972.3482910478,3.445717355236411,-574968.6649455294,-574970.0927366044
S4-10o.3,intermediate,[H]c1c([H])c([H])c(N([H])C(=O)[C-:91]([H])[C:92]([H])([H])[S:93]C([H])([H])[H])c(SC([H])([H])[H])c1[H],-1,-0.5247971,-0.11168798,-67.17231100594007,100.50367591977383,0.010555424,0.045799874,0.028177649,-0.011461496,0.33120215,0.15987033,-849971.1237084226,2.2329623652622104,-849962.6060903169,-849965.5734572817
S4-10o.3,product,[H]c1c([H])c([H])c(N([H])C(=O)[C:91]([H])([H])[C:92]([H])([H])[S:93]C([H])([H])[H])c(SC([H])([H])[H])c1[H],0,-0.14489523,-0.12794368,-179.8819705546466,9.118424997521377,-0.022786118,-0.018103465,-0.020444792,0.014515236,0.009929419,0.012222327,-850335.9685705042,1.8978124037384987,-850330.8045063089,-850333.0686098927
S4-10o.4,reactant,[H]c1c([H])c([H])c(N([H])C(=O)[C:91]([H])=[C:92]([H])[H])c(SC([H])([H])[H])c1[H],0,-0.13976634,-0.27564558,-191.61714639430494,2.2692068526449183,0.090329885,0.058010697,0.07417029,0.039218605,0.0012905151,0.02025456,-574971.4373468461,2.9034440433606505,-574966.9158122297,-574968.7047594098
S4-10o.4,intermediate,[H]c1c([H])c([H])c(N([H])C(=O)[C-:91]([H])[C:92]([H])([H])[S:93]C([H])([H])[H])c(SC([H])([H])[H])c1[H],-1,-0.4608163,-0.12711203,-65.36425168657333,98.30105274541083,-0.021014906,0.02613876,0.0025619268,-0.035241336,0.3317228,0.14824072,-849969.4953230884,2.980267884209752,-849964.2689104523,-849966.6152417234
S4-10o.4,product,[H]c1c([H])c([H])c(N([H])C(=O)[C:91]([H])([H])[C:92]([H])([H])[S:93]C([H])([H])[H])c(SC([H])([H])[H])c1[H],0,-0.12936568,-0.109519266,-183.70102921941717,7.910384727243698,-0.047440503,-0.041430958,-0.044435732,0.027630731,0.012919217,0.020274974,-850337.5034524587,3.8684433503076434,-850331.8926994201,-850334.9250182572
S4-10o.5,reactant,[H]c1c([H])c([H])c(N([H])C(=O)[C:91]([H])=[C:92]([H])[H])c(SC([H])([H])[H])c1[H],0,-0.1399193,-0.2766424,-191.74056436930337,2.312167097056599,0.089672,0.058515534,0.07409377,0.037852556,0.0007842928,0.019318424,-574971.4652980509,3.505421212874353,-574966.7076427921,-574968.7333865508
S4-10o.5,intermediate,[H]c1c([H])c([H])c(N([H])C(=O)[C-:91]([H])[C:92]([H])([H])[S:93]C([H])([H])[H])c(SC([H])([H])[H])c1[H],-1,-0.49527916,-0.12133659,-66.51173836517066,98.80645117520619,-0.012969658,0.028103687,0.0075670145,-0.040620714,0.33666486,0.14802206,-849972.0891752507,1.8936857022345066,-849965.7589334939,-849968.9892618728
S4-10o.5,product,[H]c1c([H])c([H])c(N([H])C(=O)[C:91]([H])([H])[C:92]([H])([H])[S:93]C([H])([H])[H])c(SC([H])([H])[H])c1[H],0,-0.12906662,-0.10885707,-183.30620959743874,7.895251779567244,-0.047441132,-0.041727282,-0.044584207,0.02671431,0.012051739,0.019383024,-850337.4471994316,4.759743354283273,-850331.9731303087,-850334.8006492133
S4-10o.6,reactant,[H]c1c([H])c([H])c(N([H])C(=O)[C:91]([H])=[C:92]([H])[H])c(SC([H])([H])[H])c1[H],0,-0.14218655,-0.27942282,-191.5492599723902,2.982493381447371,0.10109404,0.0762237,0.08865887,0.060536623,-0.0017574877,0.029389568,-574972.3623437438,3.8445956967771053,-574967.538629008,-574970.1027616999
S4-10o.6,intermediate,[H]c1c([H])c([H])c(N([H])C(=O)[C-:91]([H])[C:92]([H])([H])[S:93]C([H])([H])[H])c(SC([H])([H])[H])c1[H],-1,-0.4914745,-0.121714294,-66.54745924230967,98.83236436837448,-0.012436919,0.028690793,0.008126937,-0.040306896,0.33276916,0.14623111,-849972.1132321665,1.8805788783356547,-849966.2053494655,-849969.1246288634
S4-10o.6,product,[H]c1c([H])c([H])c(N([H])C(=O)[C:91]([H])([H])[C:92]([H])([H])[S:93]C([H])([H])[H])c(SC([H])([H])[H])c1[H],0,-0.13877125,-0.12440552,-180.89363196670504,8.749053738584768,-0.03208985,-0.024352178,-0.028221015,0.017386898,0.011259675,0.014323287,-850337.2970334853,2.8932224698364735,-850331.9137116481,-850334.2768052212
S4-7o.1,reactant,[H]c1c([H])c([H])c(N([H])C(=O)[C:91]([H])=[C:92]([H])[H])c(C(=O)OC([H])([H])[H])c1[H],0,-0.14883998,-0.28238732,-195.68843260230852,-1.1149841632764732,0.094736814,0.09052901,0.09263291,0.03305398,0.0027614236,0.017907701,-443474.0059402042,0.561295960098505,-443470.52434350015,-443473.3882163869
S4-7o.1,intermediate,[H]c1c([H])c([H])c(N([H])C(=O)[C-:91]([H])[C:92]([H])([H])[S:93]C([H])([H])[H])c(C(=O)OC([H])([H])[H])c1[H],-1,-0.49554938,-0.11261063,-70.55551173576482,85.14257205587757,-0.0042464063,0.026973344,0.011363469,-0.006471932,0.34835964,0.17094386,-718470.2166310516,4.1420606561005116,-718464.5577140347,-718465.9001193803
S4-7o.1,product,[H]c1c([H])c([H])c(N([H])C(=O)[C:91]([H])([H])[C:92]([H])([H])[S:93]C([H])([H])[H])c(C(=O)OC([H])([H])[H])c1[H],0,-0.14984648,-0.1387771,-184.87641309488353,5.580216813909007,-0.02607169,-0.0072384477,-0.016655069,0.009973183,0.016735196,0.01335419,-718839.6089209315,3.0521158510819077,-718835.1565275798,-718837.238946409
S4-7o.2,reactant,[H]c1c([H])c([H])c(N([H])C(=O)[C:91]([H])=[C:92]([H])[H])c(C(=O)OC([H])([H])[H])c1[H],0,-0.1489405,-0.2823981,-195.69212128828934,-1.1147879159984408,0.09476173,0.0905388,0.092650265,0.033024147,0.0028261691,0.017925158,-443474.0061275782,0.5862524332478642,-443470.2805049404,-443473.3922179586
S4-7o.2,intermediate,[H]c1c([H])c([H])c(N([H])C(=O)[C-:91]([H])[C:92]([H])([H])[S:93]C([H])([H])[H])c(C(=O)OC([H])([H])[H])c1[H],-1,-0.47981465,-0.12644793,-69.78332553603352,87.31690739689499,-0.0076517984,0.02696529,0.009656746,-0.032058597,0.29951763,0.13372952,-718471.3756665133,1.7779363421723247,-718467.1449841969,-718468.9164556287
S4-7o.2,product,[H]c1c([H])c([H])c(N([H])C(=O)[C:91]([H])([H])[C:92]([H])([H])[S:93]C([H])([H])[H])c(C(=O)OC([H])([H])[H])c1[H],0,-0.14975563,-0.13872603,-184.79425193723554,5.599539079784954,-0.025893927,-0.0072120726,-0.016553,0.009922594,0.01671648,0.013319537,-718839.5932744186,3.011415582150221,-718835.0002636415,-718837.310568094
S4-7o.3,reactant,[H]c1c([H])c([H])c(N([H])C(=O)[C:91]([H])=[C:92]([H])[H])c(C(=O)OC([H])([H])[H])c1[H],0,-0.15644695,-0.28304732,-197.14679010701988,-2.512254814775681,0.06189531,0.066026494,0.0639609,0.020662606,0.00906384,0.014863223,-443472.74849680945,1.9152854811400175,-443469.99135358643,-443471.18178966607
S4-7o.3,intermediate,[H]c1c([H])c([H])c(N([H])C(=O)[C-:91]([H])[C:92]([H])([H])[S:93]C([H])([H])[H])c(C(=O)OC([H])([H])[H])c1[H],-1,-0.48927858,-0.12333507,-69.1861548999901,86.98826411246266,-0.007944182,0.023526788,0.007791303,-0.037019014,0.33892363,0.15095231,-718472.2832957013,2.2541528986766934,-718466.3829287146,-718469.5214420089
S4-7o.3,product,[H]c1c([H])c([H])c(N([H])C(=O)[C:91]([H])([H])[C:92]([H])([H])[S:93]C([H])([H])[H])c(C(=O)OC([H])([H])[H])c1[H],0,-0.13718987,-0.12317536,-187.01626191251688,3.9994626854932593,-0.05590049,-0.03747142,-0.046685956,0.032690197,0.030469455,0.031579826,-718838.2075659665,0.5914805829524994,-718834.7056173051,-718837.1591680396
S4-7o.4,reactant,[H]c1c([H])c([H])c(N([H])C(=O)[C:91]([H])=[C:92]([H])[H])c(C(=O)OC([H])([H])[H])c1[H],0,-0.14524615,-0.2794539,-198.42645649840307,-4.869492342069849,0.09184426,0.08759731,0.089720786,0.043244332,0.0023322105,0.022788271,-443469.6374410468,0.7959970189258456,-443466.18795415387,-443468.78607030597
S4-7o.4,intermediate,[H]c1c([H])c([H])c(N([H])C(=O)[C-:91]([H])[C:92]([H])([H])[S:93]C([H])([H])[H])c(C(=O)OC([H])([H])[H])c1[H],-1,-0.49785662,-0.11476015,-69.88382405365314,85.0771550778084,-0.005843252,0.027764417,0.010960583,-0.009203017,0.34869325,0.16974512,-718470.0735489771,3.104550021700561,-718464.372498485,-718466.0445552992
S4-7o.4,product,[H]c1c([H])c([H])c(N([H])C(=O)[C:91]([H])([H])[C:92]([H])([H])[S:93]C([H])([H])[H])c(C(=O)OC([H])([H])[H])c1[H],0,-0.1372005,-0.12314192,-187.02374395422373,3.964757072315261,-0.055949956,-0.03751608,-0.046733018,0.032658458,0.03035137,0.031504914,-718838.207611985,0.6348991822451353,-718834.4780895784,-718837.1642777654
S4-7o.5,reactant,[H]c1c([H])c([H])c(N([H])C(=O)[C:91]([H])=[C:92]([H])[H])c(C(=O)OC([H])([H])[H])c1[H],0,-0.14525953,-0.279442,-198.45446844972145,-4.89286947553261,0.09190297,0.0876383,0.08977064,0.043358922,0.0023432076,0.022851065,-443469.63767752924,0.7181107932701707,-443467.71037157084,-443468.76988089224
S4-7o.5,intermediate,[H]c1c([H])c([H])c(N([H])C(=O)[C-:91]([H])[C:92]([H])([H])[S:93]C([H])([H])[H])c(C(=O)OC([H])([H])[H])c1[H],-1,-0.4797012,-0.12647913,-69.76380464398737,87.30250928595487,-0.0078477785,0.026751757,0.009451989,-0.032159418,0.29961777,0.13372917,-718471.3786436942,1.9271432170644403,-718466.6170909397,-718468.942767777
S4-7o.5,product,[H]c1c([H])c([H])c(N([H])C(=O)[C:91]([H])([H])[C:92]([H])([H])[S:93]C([H])([H])[H])c(C(=O)OC([H])([H])[H])c1[H],0,-0.13424431,-0.12206755,-189.90555459359177,-0.25741969602595466,-0.05080326,-0.03633196,-0.04356761,0.028241783,0.014009163,0.021125473,-718834.0947276745,0.6232502656057477,-718830.7591828095,-718832.9457803447
S4-7o.6,reactant,[H]c1c([H])c([H])c(N([H])C(=O)[C:91]([H])=[C:92]([H])[H])c(C(=O)OC([H])([H])[H])c1[H],0,-0.15720195,-0.28272322,-197.1425431865926,-2.5124638926013962,0.06174022,0.06562112,0.06368067,0.021385357,0.009536475,0.015460916,-443472.7712489404,2.5283286115154624,-443469.79680638947,-443471.18911010935
S4-7o.6,intermediate,[H]c1c([H])c([H])c(N([H])C(=O)[C-:91]([H])[C:92]([H])([H])[S:93]C([H])([H])[H])c(C(=O)OC([H])([H])[H])c1[H],-1,-0.4653682,-0.12408443,-72.5840447043679,95.88025720786392,-0.020501226,0.031053983,0.0052763782,0.0020658374,0.29977363,0.15091974,-718467.5533734236,3.137119233608246,-718448.3270063503,-718450.5052734474
S4-7o.6,product,[H]c1c([H])c([H])c(N([H])C(=O)[C:91]([H])([H])[C:92]([H])([H])[S:93]C([H])([H])[H])c(C(=O)OC([H])([H])[H])c1[H],0,-0.13997479,-0.12117453,-186.38597624230977,3.6373825979898373,-0.051837854,-0.035783008,-0.04381043,0.02102609,0.018734328,0.01988021,-718838.2325399015,0.7424475234001875,-718835.1370450903,-718837.299128221
S4-7o.7,reactant,[H]c1c([H])c([H])c(N([H])C(=O)[C:91]([H])=[C:92]([H])[H])c(C(=O)OC([H])([H])[H])c1[H],0,-0.15642315,-0.28299913,-197.15918754548701,-2.535460293332848,0.061902434,0.06603387,0.06396815,0.020770878,0.009041026,0.014905952,-443472.75016373,1.9725012201815844,-443469.2376716459,-443471.16234084795
S4-7o.7,intermediate,[H]c1c([H])c([H])c(N([H])C(=O)[C-:91]([H])[C:92]([H])([H])[S:93]C([H])([H])[H])c(C(=O)OC([H])([H])[H])c1[H],-1,-0.4888839,-0.12325726,-69.19180703569438,87.0381406283755,-0.0073081627,0.023949452,0.0083206445,-0.036007494,0.33702916,0.15051082,-718472.2715620784,1.6057281466200948,-718466.1846141081,-718469.4805715356
S4-7o.7,product,[H]c1c([H])c([H])c(N([H])C(=O)[C:91]([H])([H])[C:92]([H])([H])[S:93]C([H])([H])[H])c(C(=O)OC([H])([H])[H])c1[H],0,-0.13993028,-0.12102666,-186.40820169959437,3.599215961730804,-0.051562287,-0.035915174,-0.04373873,0.021000624,0.018631004,0.019815814,-718838.2284350496,0.5581815000623465,-718835.25719959,-718837.2997007299
S4-7o.8,reactant,[H]c1c([H])c([H])c(N([H])C(=O)[C:91]([H])=[C:92]([H])[H])c(C(=O)OC([H])([H])[H])c1[H],0,-0.15624957,-0.28290254,-197.09782947381925,-2.471667702298813,0.062028527,0.06608142,0.06405497,0.020759612,0.008907527,0.0148335695,-443472.74746478925,1.7804059349000454,-443469.0906291153,-443471.19867350056
S4-7o.8,intermediate,[H]c1c([H])c([H])c(N([H])C(=O)[C-:91]([H])[C:92]([H])([H])[S:93]C([H])([H])[H])c(C(=O)OC([H])([H])[H])c1[H],-1,-0.48891884,-0.123148605,-69.11189579324967,87.03609638189008,-0.0079110935,0.023454137,0.007771522,-0.036444485,0.33786917,0.15071234,-718472.2683928167,1.9495749473571777,-718467.1750379334,-718469.5079694364
S4-7o.8,product,[H]c1c([H])c([H])c(N([H])C(=O)[C:91]([H])([H])[C:92]([H])([H])[S:93]C([H])([H])[H])c(C(=O)OC([H])([H])[H])c1[H],0,-0.14824937,-0.13274743,-184.7223064614341,4.022930292866096,-0.034278855,-0.017509028,-0.025893942,0.011448383,0.01391767,0.0126830265,-718838.3888121663,2.1005567479878664,-718834.4952104293,-718836.7257909859
S4-12o.1,reactant,[H]c1c([H])c([H])c([N+](=O)[O-])c(N([H])C(=O)[C:91]([H])=[C:92]([H])[H])c1[H],0,-0.15016241,-0.27231672,-208.5274604323707,-16.28525074783396,0.063108385,0.07076003,0.066934206,0.012256056,0.009782717,0.011019386,-428790.2230899183,0.9203650346025825,-428786.1610289866,-428788.0099316688
S4-12o.1,intermediate,[H]c1c([H])c([H])c([N+](=O)[O-])c(N([H])C(=O)[C-:91]([H])[C:92]([H])([H])[S:93]C([H])([H])[H])c1[H],-1,-0.45841467,-0.1214743,-75.41207132050846,72.33880680580477,-0.017140955,0.019646645,0.0012528449,-0.03158453,0.28030467,0.12436007,-703797.8042524786,1.2434070436283946,-703789.8346860742,-703793.3275590368
S4-12o.1,product,[H]c1c([H])c([H])c([N+](=O)[O-])c(N([H])C(=O)[C:91]([H])([H])[C:92]([H])([H])[S:93]C([H])([H])[H])c1[H],0,-0.14752746,-0.13869418,-194.98066300942617,-7.409115834866228,-0.02947507,-0.0072835535,-0.018379312,0.0054091364,0.012880176,0.009144656,-704156.9103045865,4.100480429828167,-704149.8265055115,-704152.6225543171
S4-2m.1,reactant,[H]c1c([H])c(F)c([H])c(N([H])C(=O)[C:91]([H])=[C:92]([H])[H])c1[H],0,-0.15424095,-0.27309704,-205.2726577478976,7.945047498843953,0.1569837,0.09760918,0.12729645,0.08391808,0.00054103136,0.042229556,-362687.5996718064,0.5468729669228196,-362685.75729981076,-362686.8985135775
S4-2m.1,intermediate,[H]c1c([H])c(F)c([H])c(N([H])C(=O)[C-:91]([H])[C:92]([H])([H])[S:93]C([H])([H])[H])c1[H],-1,-0.48971835,-0.114897914,-69.3048258298161,107.17741728640635,0.00011776388,0.025405988,0.012761876,-0.026592344,0.3560086,0.16470811,-637689.6188553493,1.8735382370650768,-637685.0571280526,-637687.4301017661
S4-2m.1,product,[H]c1c([H])c(F)c([H])c(N([H])C(=O)[C:91]([H])([H])[C:92]([H])([H])[S:93]C([H])([H])[H])c1[H],0,-0.1357682,-0.10641966,-194.85795115037848,12.94069833848832,-0.046098623,-0.04202821,-0.04406342,0.042543903,0.009245843,0.025894873,-638052.3449533302,1.0072859739884734,-638048.1329592842,-638051.2788207995
S4-2m.2,reactant,[H]c1c([H])c(F)c([H])c(N([H])C(=O)[C:91]([H])=[C:92]([H])[H])c1[H],0,-0.14495724,-0.2750579,-205.97456396681721,6.3157407106903225,0.11914194,0.06693669,0.09303931,0.051283345,-0.00034737587,0.025467984,-362686.1384284465,0.6189789762720466,-362684.2801886944,-362685.36747459526
S4-2m.2,intermediate,[H]c1c([H])c(F)c([H])c(N([H])C(=O)[C-:91]([H])[C:92]([H])([H])[S:93]C([H])([H])[H])c1[H],-1,-0.51711774,-0.10945207,-70.57648321687375,108.61808777954224,-0.014163174,0.025581926,0.005709376,-0.008966446,0.3399254,0.16547948,-637688.08724316,2.4018178675323725,-637682.9535289896,-637684.3726568492
S4-2m.2,product,[H]c1c([H])c(F)c([H])c(N([H])C(=O)[C:91]([H])([H])[C:92]([H])([H])[S:93]C([H])([H])[H])c1[H],0,-0.13591999,-0.10687287,-195.28008062137098,13.315862103539027,-0.045611802,-0.04174991,-0.043680854,0.044634923,0.01003319,0.027334057,-638052.4231126027,0.5944411000236869,-638048.7878702158,-638051.3446244788
S4-3m.1,reactant,[H]c1c([H])c(Cl)c([H])c(N([H])C(=O)[C:91]([H])=[C:92]([H])[H])c1[H],0,-0.1524685,-0.2738778,-202.8451911074879,5.649541864652999,0.14289954,0.0934761,0.11818782,0.06859511,-0.0026152432,0.032989934,-588820.5730340749,0.694801022298634,-588818.468750802,-588820.0033600053
S4-3m.1,intermediate,[H]c1c([H])c(Cl)c([H])c(N([H])C(=O)[C-:91]([H])[C:92]([H])([H])[S:93]C([H])([H])[H])c1[H],-1,-0.48553678,-0.11381551,-69.46655889095824,102.89893194519165,-0.0044243485,0.024156556,0.0098661035,-0.02737081,0.339186,0.1559076,-863823.3041299267,1.9428767701610923,-863819.0513643817,-863821.028158927
S4-3m.1,product,[H]c1c([H])c(Cl)c([H])c(N([H])C(=O)[C:91]([H])([H])[C:92]([H])([H])[S:93]C([H])([H])[H])c1[H],0,-0.14750563,-0.11820462,-192.77205594239305,9.845517427596356,-0.022287786,-0.015383199,-0.018835492,0.01535587,0.004850179,0.010103025,-864186.5976402676,2.833131586201489,-864180.8601789201,-864184.2652990961
S4-3m.2,reactant,[H]c1c([H])c(Cl)c([H])c(N([H])C(=O)[C:91]([H])=[C:92]([H])[H])c1[H],0,-0.14389552,-0.27547583,-203.46011167527772,4.081694958057099,0.10641664,0.061569437,0.08399304,0.04105647,-0.003436774,0.018809848,-588819.1294156655,0.600829784758389,-588816.3288061228,-588818.4659584868
S4-3m.2,intermediate,[H]c1c([H])c(Cl)c([H])c(N([H])C(=O)[C-:91]([H])[C:92]([H])([H])[S:93]C([H])([H])[H])c1[H],-1,-0.48678008,-0.11444092,-70.28456224524498,103.04997647587669,-0.0040904805,0.02484753,0.010378525,-0.030486315,0.34875917,0.15913643,-863823.2032179345,1.9811285277828574,-863819.2161419104,-863820.9112125614
S4-3m.2,product,[H]c1c([H])c(Cl)c([H])c(N([H])C(=O)[C:91]([H])([H])[C:92]([H])([H])[S:93]C([H])([H])[H])c1[H],0,-0.1416987,-0.12178235,-191.76071773617477,11.15402996386995,-0.025996462,-0.019237533,-0.022616997,0.019242287,0.008376762,0.0138095245,-864186.6256590456,2.0819848412647843,-864182.8511278849,-864184.5248633857
S4-4m.1,reactant,[H]c1c([H])c(N([H])C(=O)[C:91]([H])=[C:92]([H])[H])c([H])c(C([H])([H])[H])c1[H],0,-0.14816166,-0.28014314,-198.20473336701335,11.294859703828205,0.12231988,0.059717894,0.091018885,0.05926399,-0.002310142,0.028476924,-325062.4131837708,1.0154222827404737,-325060.02579966903,-325061.49983703654
S4-4m.1,intermediate,[H]c1c([H])c(N([H])C(=O)[C-:91]([H])[C:92]([H])([H])[S:93]C([H])([H])[H])c([H])c(C([H])([H])[H])c1[H],-1,-0.4807748,-0.113669656,-65.18447583113603,110.4992764256652,-0.0033927187,0.02503746,0.010822371,-0.025245696,0.3394369,0.15709561,-600061.7865246906,1.984724884852767,-600056.2740091553,-600058.9981030029
S4-4m.1,product,[H]c1c([H])c(N([H])C(=O)[C:91]([H])([H])[C:92]([H])([H])[S:93]C([H])([H])[H])c([H])c(C([H])([H])[H])c1[H],0,-0.13104594,-0.101799674,-189.58538990550653,17.63969221328897,-0.04185375,-0.04729327,-0.04457351,0.044094265,0.004048601,0.024071433,-600428.5070904477,1.1164919789880514,-600425.1235190801,-600427.4501552884
S4-4m.2,reactant,[H]c1c([H])c(N([H])C(=O)[C:91]([H])=[C:92]([H])[H])c([H])c(C([H])([H])[H])c1[H],0,-0.14961141,-0.2787194,-197.06598476266106,11.934674833202939,0.15537572,0.086858034,0.12111688,0.09402533,-0.006327048,0.04384914,-325063.40233260114,0.8820203617215157,-325060.84646452504,-325062.7942885349
S4-4m.2,intermediate,[H]c1c([H])c(N([H])C(=O)[C-:91]([H])[C:92]([H])([H])[S:93]C([H])([H])[H])c([H])c(C([H])([H])[H])c1[H],-1,-0.47872388,-0.11372963,-64.78171559093478,110.68334457498001,-0.0030724704,0.023662612,0.010295071,-0.020861387,0.3291527,0.15414566,-600062.2016629631,1.921077061444521,-600056.7590831997,-600059.3859909667
S4-4m.2,product,[H]c1c([H])c(N([H])C(=O)[C:91]([H])([H])[C:92]([H])([H])[S:93]C([H])([H])[H])c([H])c(C([H])([H])[H])c1[H],0,-0.13168968,-0.10210879,-189.54583918933176,16.978067649826905,-0.042367347,-0.047695026,-0.045031186,0.04452075,0.0048616678,0.02469121,-600428.4770338422,1.1111896745860577,-600425.2871472635,-600427.5079741447
S4-6m.1,reactant,[H]c1c([H])c([H])c(-c2c([H])c([H])c([H])c(N([H])C(=O)[C:91]([H])=[C:92]([H])[H])c2[H])c([H])c1[H],0,-0.14852536,-0.27848378,-186.66949008377054,-0.9129950045827844,0.070925534,0.043098733,0.057012133,0.018514186,-0.006370008,0.006072089,-445468.95414946845,1.247289603576064,-445464.35832919757,-445467.9394993528
S4-6m.1,intermediate,[H]c1c([H])c([H])c(-c2c([H])c([H])c([H])c(N([H])C(=O)[C-:91]([H])[C:92]([H])([H])[S:93]C([H])([H])[H])c2[H])c([H])c1[H],-1,-0.5063981,-0.1170233,-70.26159680626992,87.01428573331437,0.009757437,0.026864983,0.01831121,-0.016509086,0.34841192,0.16595142,-720470.0161369262,2.056399866938591,-720463.7923778925,-720467.2908854948
S4-6m.1,product,[H]c1c([H])c([H])c(-c2c([H])c([H])c([H])c(N([H])C(=O)[C:91]([H])([H])[C:92]([H])([H])[S:93]C([H])([H])[H])c2[H])c([H])c1[H],0,-0.12864438,-0.10391051,-175.4395414536557,0.6303641959643277,-0.039712407,-0.04044523,-0.04007882,0.027976036,0.003516376,0.015746206,-720834.3606179559,1.1867607273161411,-720830.0989255394,-720833.3112029264
S4-6m.2,reactant,[H]c1c([H])c([H])c(-c2c([H])c([H])c([H])c(N([H])C(=O)[C:91]([H])=[C:92]([H])[H])c2[H])c([H])c1[H],0,-0.14793594,-0.27667803,-184.6403570801393,-0.471836666260451,0.10739413,0.070211515,0.08880282,0.044309184,-0.0094169825,0.0174461,-445469.7133276661,0.7549557369202375,-445466.6613449573,-445469.0006103034
S4-6m.2,intermediate,[H]c1c([H])c([H])c(-c2c([H])c([H])c([H])c(N([H])C(=O)[C-:91]([H])[C:92]([H])([H])[S:93]C([H])([H])[H])c2[H])c([H])c1[H],-1,-0.5210044,-0.106886484,-71.20360648518576,88.01462605426708,-0.004164949,0.024002627,0.009918839,-0.011626661,0.3333607,0.16086702,-720467.9577134511,5.04139356315136,-720460.6190875798,-720463.2993373269
S4-6m.2,product,[H]c1c([H])c([H])c(-c2c([H])c([H])c([H])c(N([H])C(=O)[C:91]([H])([H])[C:92]([H])([H])[S:93]C([H])([H])[H])c2[H])c([H])c1[H],0,-0.12961736,-0.10439127,-176.27135091173457,1.2507265701052295,-0.040253237,-0.041343547,-0.040798392,0.026996672,0.0021132529,0.0145549625,-720834.5498154822,1.20681840647012,-720831.2009042411,-720833.5339847617
S4-6m.3,reactant,[H]c1c([H])c([H])c(-c2c([H])c([H])c([H])c(N([H])C(=O)[C:91]([H])=[C:92]([H])[H])c2[H])c([H])c1[H],0,-0.14804238,-0.27657443,-184.61905820982665,-0.4484611152861557,0.10777086,0.07033171,0.089051284,0.044412613,-0.00934656,0.017533027,-445469.7164743415,0.7956341318786144,-445466.2977882531,-445469.00714278605
S4-6m.3,intermediate,[H]c1c([H])c([H])c(-c2c([H])c([H])c([H])c(N([H])C(=O)[C-:91]([H])[C:92]([H])([H])[S:93]C([H])([H])[H])c2[H])c([H])c1[H],-1,-0.49967074,-0.11774912,-68.94603631000145,83.6890263490854,0.006143309,0.026918635,0.016530972,-0.020358086,0.34197274,0.16080733,-720468.9873681382,1.9729631254449487,-720463.5308645993,-720466.1691024066
S4-6m.3,product,[H]c1c([H])c([H])c(-c2c([H])c([H])c([H])c(N([H])C(=O)[C:91]([H])([H])[C:92]([H])([H])[S:93]C([H])([H])[H])c2[H])c([H])c1[H],0,-0.12854902,-0.10370499,-175.5328160998559,0.6354058939788846,-0.039509557,-0.040269732,-0.039889645,0.028042033,0.0033860952,0.015714064,-720834.378803906,1.6374729350209236,-720830.9050375614,-720833.2991126977
S4-5m.1,reactant,[H]c1c([H])c(N([H])C(=O)[C:91]([H])=[C:92]([H])[H])c([H])c(C(F)(F)F)c1[H],0,-0.15303196,-0.27027664,-204.88121702415765,1.1172381718253308,0.1253041,0.09564158,0.11047284,0.04942757,-0.0013729483,0.02402731,-512013.5265577314,0.48200478218495846,-512011.2494048146,-512012.61467086157
S4-5m.1,intermediate,[H]c1c([H])c(N([H])C(=O)[C-:91]([H])[C:92]([H])([H])[S:93]C([H])([H])[H])c([H])c(C(F)(F)F)c1[H],-1,-0.49888426,-0.11621541,-72.57736282706824,97.30183320599492,-0.005406916,0.023954503,0.009273794,-0.04000753,0.3497784,0.15488544,-787017.8510629655,3.518167200498283,-787013.3336948378,-787015.3086917392
S4-5m.1,product,[H]c1c([H])c(N([H])C(=O)[C:91]([H])([H])[C:92]([H])([H])[S:93]C([H])([H])[H])c([H])c(C(F)(F)F)c1[H],0,-0.13414522,-0.110355064,-193.15571346524345,5.496497301940119,-0.04991498,-0.03829789,-0.044106435,0.025277093,0.0062486976,0.015762895,-787377.8963353708,1.6302741132676601,-787373.7976020947,-787376.5849007063
S4-5m.2,reactant,[H]c1c([H])c(N([H])C(=O)[C:91]([H])=[C:92]([H])[H])c([H])c(C(F)(F)F)c1[H],0,-0.15099147,-0.27371913,-205.14581489910475,-0.3369760385652884,0.08764687,0.0611237,0.074385285,0.025417149,7.909536e-05,0.012748122,-512011.94144775526,1.109567572362721,-512008.31758837524,-512010.6464180839
S4-5m.2,intermediate,[H]c1c([H])c(N([H])C(=O)[C-:91]([H])[C:92]([H])([H])[S:93]C([H])([H])[H])c([H])c(C(F)(F)F)c1[H],-1,-0.5163981,-0.10549063,-75.03441092448884,98.14380220554179,-0.016611747,0.020486929,0.0019375905,-0.021659851,0.3331734,0.15575677,-787016.738479078,3.926759246736765,-787010.0703096236,-787012.6553261409
S4-5m.2,product,[H]c1c([H])c(N([H])C(=O)[C:91]([H])([H])[C:92]([H])([H])[S:93]C([H])([H])[H])c([H])c(C(F)(F)F)c1[H],0,-0.13369969,-0.11017722,-194.12019426383912,5.5318932591211825,-0.049082953,-0.037395537,-0.043239243,0.027235761,0.0066283643,0.016932063,-787378.2356304924,1.2195130363106728,-787374.7940468588,-787376.9604310604
S4-7m.1,reactant,[H]c1c([H])c(C(=O)OC([H])([H])[H])c([H])c(N([H])C(=O)[C:91]([H])=[C:92]([H])[H])c1[H],0,-0.15237378,-0.2753514,-197.91578122722012,-2.861015095942403,0.07246366,0.052274227,0.062368944,0.015411168,-0.0015043318,0.0069534183,-443469.6109116747,0.9365927800536156,-443465.8034898285,-443468.4172062594
S4-7m.1,intermediate,[H]c1c([H])c(C(=O)OC([H])([H])[H])c([H])c(N([H])C(=O)[C-:91]([H])[C:92]([H])([H])[S:93]C([H])([H])[H])c1[H],-1,-0.49698287,-0.11676259,-69.46107865848516,83.74839978868793,-0.0027900487,0.022328272,0.009769112,-0.030862927,0.33099276,0.15006492,-718471.0899281038,1.7725276136770844,-718465.8662658962,-718468.2249076875
S4-7m.1,product,[H]c1c([H])c(C(=O)OC([H])([H])[H])c([H])c(N([H])C(=O)[C:91]([H])([H])[C:92]([H])([H])[S:93]C([H])([H])[H])c1[H],0,-0.14679791,-0.12206238,-184.84457442604935,4.845793194645953,-0.02060157,-0.01960916,-0.020105366,0.02276282,0.013766885,0.018264852,-718834.940030891,1.9899416975677013,-718829.6548814579,-718832.0387749803
S4-7m.2,reactant,[H]c1c([H])c(C(=O)OC([H])([H])[H])c([H])c(N([H])C(=O)[C:91]([H])=[C:92]([H])[H])c1[H],0,-0.15340108,-0.2713913,-196.59024035632268,-1.9847912454469077,0.10873094,0.08160573,0.09516834,0.037432313,-0.004300058,0.016566128,-443470.5290270821,0.7301330547779799,-443466.3716323227,-443469.61635226157
S4-7m.2,intermediate,[H]c1c([H])c(C(=O)OC([H])([H])[H])c([H])c(N([H])C(=O)[C-:91]([H])[C:92]([H])([H])[S:93]C([H])([H])[H])c1[H],-1,-0.5043018,-0.1202818,-69.39109858830687,86.8335425380729,-0.02026762,0.023101658,0.0014170185,-0.027437866,0.32238302,0.14747258,-718466.584148788,2.119304862804711,-718460.6520747743,-718462.7369154661
S4-7m.2,product,[H]c1c([H])c(C(=O)OC([H])([H])[H])c([H])c(N([H])C(=O)[C:91]([H])([H])[C:92]([H])([H])[S:93]C([H])([H])[H])c1[H],0,-0.13268423,-0.10994426,-186.28584319068216,0.22345625601189395,-0.047047414,-0.03929081,-0.04316911,0.021211267,0.00247854,0.011844903,-718834.6467276473,1.2914617722854018,-718830.0165453292,-718833.3002441904
S4-7m.3,reactant,[H]c1c([H])c(C(=O)OC([H])([H])[H])c([H])c(N([H])C(=O)[C:91]([H])=[C:92]([H])[H])c1[H],0,-0.15494803,-0.2728126,-195.3288556885664,-0.015507997358877645,0.10947582,0.08141993,0.095447876,0.040105954,-0.0035633296,0.018271312,-443469.00486375537,0.8288178239017725,-443465.6768929447,-443468.025140332
S4-7m.3,intermediate,[H]c1c([H])c(C(=O)OC([H])([H])[H])c([H])c(N([H])C(=O)[C-:91]([H])[C:92]([H])([H])[S:93]C([H])([H])[H])c1[H],-1,-0.49756473,-0.11644063,-69.60732575562874,83.61296320180301,-0.0015977547,0.02303981,0.010721028,-0.030103743,0.33190614,0.1509012,-718471.0703413641,1.786527344956994,-718466.3267441187,-718468.4578385138
S4-7m.3,product,[H]c1c([H])c(C(=O)OC([H])([H])[H])c([H])c(N([H])C(=O)[C:91]([H])([H])[C:92]([H])([H])[S:93]C([H])([H])[H])c1[H],0,-0.1329253,-0.10932412,-186.2624802075002,0.8766724395402462,-0.046923224,-0.040392138,-0.043657683,0.024872556,0.0034299195,0.014151238,-718835.1632347242,0.870683298446238,-718830.2184408973,-718833.9239054698
S4-7m.4,reactant,[H]c1c([H])c(C(=O)OC([H])([H])[H])c([H])c(N([H])C(=O)[C:91]([H])=[C:92]([H])[H])c1[H],0,-0.1534402,-0.2714129,-196.61927901286867,-2.0027917877278982,0.10856226,0.08157399,0.09506813,0.03726639,-0.004269585,0.016498402,-443470.5299814466,0.7116973679512739,-443468.17446464964,-443469.6162962353
S4-7m.4,intermediate,[H]c1c([H])c(C(=O)OC([H])([H])[H])c([H])c(N([H])C(=O)[C-:91]([H])[C:92]([H])([H])[S:93]C([H])([H])[H])c1[H],-1,-0.5042408,-0.12031107,-69.37736788942318,86.82819920918288,-0.020198315,0.023240678,0.0015211813,-0.027280837,0.32192677,0.14732298,-718466.5786945494,2.1077957516536117,-718459.865670474,-718462.7444524647
S4-7m.4,product,[H]c1c([H])c(C(=O)OC([H])([H])[H])c([H])c(N([H])C(=O)[C:91]([H])([H])[C:92]([H])([H])[S:93]C([H])([H])[H])c1[H],0,-0.13399482,-0.11013427,-185.08067545350056,2.9999068241151043,-0.04746513,-0.041057877,-0.044261504,0.022442907,0.002838403,0.012640655,-718833.9263952909,1.4215520545840263,-718830.0268982716,-718832.6107663871
S4-7m.5,reactant,[H]c1c([H])c(C(=O)OC([H])([H])[H])c([H])c(N([H])C(=O)[C:91]([H])=[C:92]([H])[H])c1[H],0,-0.15241699,-0.27604103,-196.93453069432758,-1.102047650277186,0.07556832,0.053064287,0.0643163,0.015667126,-0.0023247004,0.0066712126,-443468.0075555107,1.1670213313773274,-443464.4750763501,-443466.67792458116
S4-7m.5,intermediate,[H]c1c([H])c(C(=O)OC([H])([H])[H])c([H])c(N([H])C(=O)[C-:91]([H])[C:92]([H])([H])[S:93]C([H])([H])[H])c1[H],-1,-0.50004804,-0.116872214,-71.07987985186507,83.54392797732389,-0.0012865886,0.023148648,0.01093103,-0.033770233,0.3340298,0.1501298,-718471.4196582512,1.8416027361527085,-718466.0419229651,-718468.9747445594
S4-7m.5,product,[H]c1c([H])c(C(=O)OC([H])([H])[H])c([H])c(N([H])C(=O)[C:91]([H])([H])[C:92]([H])([H])[S:93]C([H])([H])[H])c1[H],0,-0.1483977,-0.119755186,-185.38110231011123,2.1408079104267466,-0.024986714,-0.017093785,-0.02104025,0.01131928,0.0039891303,0.007654205,-718835.3940304985,2.8871369250118732,-718829.9745990251,-718832.684175386
S4-7m.6,reactant,[H]c1c([H])c(C(=O)OC([H])([H])[H])c([H])c(N([H])C(=O)[C:91]([H])=[C:92]([H])[H])c1[H],0,-0.15296695,-0.2718871,-196.23481999564288,-2.1476371267734713,0.10762203,0.08278775,0.09520489,0.033453703,-0.005410537,0.014021583,-443469.94467233284,0.802563851699233,-443467.2824822136,-443468.96862575534
S4-7m.6,intermediate,[H]c1c([H])c(C(=O)OC([H])([H])[H])c([H])c(N([H])C(=O)[C-:91]([H])[C:92]([H])([H])[S:93]C([H])([H])[H])c1[H],-1,-0.49759564,-0.11644308,-69.58854256487223,83.61302141578427,-0.0015795752,0.02303417,0.0107272975,-0.030081004,0.33190396,0.15091148,-718471.074080215,1.8229147717356682,-718465.2938742196,-718468.4454885985
S4-7m.6,product,[H]c1c([H])c(C(=O)OC([H])([H])[H])c([H])c(N([H])C(=O)[C:91]([H])([H])[C:92]([H])([H])[S:93]C([H])([H])[H])c1[H],0,-0.13293901,-0.10932728,-186.26001543771295,0.8763684905956107,-0.046946704,-0.040401928,-0.043674316,0.024864793,0.0034249723,0.014144883,-718835.1637039578,0.836054714396596,-718830.3521855135,-718833.9258083062
S4-7m.7,reactant,[H]c1c([H])c(C(=O)OC([H])([H])[H])c([H])c(N([H])C(=O)[C:91]([H])=[C:92]([H])[H])c1[H],0,-0.1523844,-0.27600196,-196.93977589089556,-1.0944259368279412,0.075600535,0.053027004,0.06431377,0.01566948,-0.0023319423,0.006668769,-443468.0108333048,1.219125603325665,-443463.8009760803,-443466.69835281244
S4-7m.7,intermediate,[H]c1c([H])c(C(=O)OC([H])([H])[H])c([H])c(N([H])C(=O)[C-:91]([H])[C:92]([H])([H])[S:93]C([H])([H])[H])c1[H],-1,-0.5247919,-0.1055428,-72.73908879926945,87.35184378962688,-0.01156947,0.020619862,0.004525196,-0.024309576,0.3241581,0.14992426,-718469.0909730286,4.084285425953567,-718461.9648917994,-718464.8900094785
S4-7m.7,product,[H]c1c([H])c(C(=O)OC([H])([H])[H])c([H])c(N([H])C(=O)[C:91]([H])([H])[C:92]([H])([H])[S:93]C([H])([H])[H])c1[H],0,-0.13307004,-0.10993872,-186.38021085519725,0.8253485302466568,-0.046875976,-0.04038102,-0.0436285,0.02452588,0.0031890422,0.0138574615,-718835.1749072962,1.1197079690173268,-718830.8693220235,-718833.9313932324
S4-7m.8,reactant,[H]c1c([H])c(C(=O)OC([H])([H])[H])c([H])c(N([H])C(=O)[C:91]([H])=[C:92]([H])[H])c1[H],0,-0.15294056,-0.2757743,-196.8879491762826,-2.792415162168612,0.07547426,0.053230524,0.06435239,0.011192232,-0.0030526817,0.0040697753,-443468.05558374955,1.0771638369187713,-443464.4500049152,-443466.8281946594
S4-7m.8,intermediate,[H]c1c([H])c(C(=O)OC([H])([H])[H])c([H])c(N([H])C(=O)[C-:91]([H])[C:92]([H])([H])[S:93]C([H])([H])[H])c1[H],-1,-0.5206934,-0.10720067,-71.58578799227726,86.89623591238364,-0.013569027,0.02038607,0.0034085214,-0.022348106,0.31729522,0.14747356,-718469.5659468364,4.311193503439426,-718463.2995901672,-718464.9185388696
S4-7m.8,product,[H]c1c([H])c(C(=O)OC([H])([H])[H])c([H])c(N([H])C(=O)[C:91]([H])([H])[C:92]([H])([H])[S:93]C([H])([H])[H])c1[H],0,-0.1314246,-0.11045212,-186.6339495295269,1.252857612764994,-0.05121891,-0.043143608,-0.047181256,0.039746612,0.014204681,0.026975647,-718835.3462039673,0.8651136606931686,-718829.8501795768,-718833.9791118145
S4-8m.1,reactant,[H]c1c([H])c(C#N)c([H])c(N([H])C(=O)[C:91]([H])=[C:92]([H])[H])c1[H],0,-0.15175103,-0.27067706,-207.90462406495007,-7.795010168836583,0.07368299,0.05735527,0.06551913,0.013539925,0.0010964572,0.007318191,-358302.3313281912,0.8513817191123962,-358299.0904059044,-358301.1422997882
S4-8m.1,intermediate,[H]c1c([H])c(C#N)c([H])c(N([H])C(=O)[C-:91]([H])[C:92]([H])([H])[S:93]C([H])([H])[H])c1[H],-1,-0.5189874,-0.10625921,-77.88320100869254,86.0515677111797,-0.019800507,0.01950521,-0.00014764816,-0.03229499,0.3143456,0.1410253,-633308.4064584689,3.8776224739849567,-633302.0365528425,-633304.1409516567
S4-8m.1,product,[H]c1c([H])c(C#N)c([H])c(N([H])C(=O)[C:91]([H])([H])[C:92]([H])([H])[S:93]C([H])([H])[H])c1[H],0,-0.13475592,-0.11237812,-194.9602017064741,-3.573084376345427,-0.05233385,-0.039238393,-0.04578612,0.015006587,0.0024023354,0.008704461,-633667.4293609812,1.1925957771018147,-633663.4469317795,-633666.1494246529
S4-8m.2,reactant,[H]c1c([H])c(C#N)c([H])c(N([H])C(=O)[C:91]([H])=[C:92]([H])[H])c1[H],0,-0.14989498,-0.27119178,-206.5172808212773,-8.411142163678049,0.07555887,0.059266165,0.06741252,0.0110028535,-0.0017455071,0.004628673,-358301.4107942878,1.022102277725935,-358297.59907382634,-358300.12188996683
S4-8m.2,intermediate,[H]c1c([H])c(C#N)c([H])c(N([H])C(=O)[C-:91]([H])[C:92]([H])([H])[S:93]C([H])([H])[H])c1[H],-1,-0.46342406,-0.11939352,-73.69038552261193,82.36959433895623,-0.01812417,0.01893396,0.00040489435,-0.031752408,0.32122618,0.14473689,-633306.6060699995,2.2480349242687225,-633301.6127115919,-633303.9148565272
S4-8m.2,product,[H]c1c([H])c(C#N)c([H])c(N([H])C(=O)[C:91]([H])([H])[C:92]([H])([H])[S:93]C([H])([H])[H])c1[H],0,-0.13501216,-0.11337183,-195.80712822283047,-3.612423035877874,-0.051868737,-0.03774891,-0.044808824,0.017487869,0.0036007017,0.010544285,-633667.8627349396,1.3564428836107254,-633664.0461002118,-633666.5745992061
S4-9m.1,reactant,[H]c1c([H])c(OC([H])([H])[H])c([H])c(N([H])C(=O)[C:91]([H])=[C:92]([H])[H])c1[H],0,-0.15126897,-0.28046364,-193.90056954390843,9.955573113703796,0.11455122,0.0553198,0.08493551,0.041916147,-0.004994571,0.018460788,-372285.713952236,0.9973079524934292,-372281.10785961,-372284.6068862461
S4-9m.1,intermediate,[H]c1c([H])c(OC([H])([H])[H])c([H])c(N([H])C(=O)[C-:91]([H])[C:92]([H])([H])[S:93]C([H])([H])[H])c1[H],-1,-0.501479,-0.11188156,-67.44402986790502,106.44921796575969,-0.016200013,0.020499177,0.002149582,-0.004672706,0.3431645,0.1692459,-647283.1682457027,1.600627745501697,-647276.3992434514,-647279.3316826551
S4-9m.1,product,[H]c1c([H])c(OC([H])([H])[H])c([H])c(N([H])C(=O)[C:91]([H])([H])[C:92]([H])([H])[S:93]C([H])([H])[H])c1[H],0,-0.14403528,-0.11771392,-185.729562895916,15.860746846901984,-0.008352421,-0.022397645,-0.015375033,0.038827255,0.014918402,0.026872829,-647652.9747823456,3.960212112404406,-647648.1934969549,-647650.5536075607
S4-9m.2,reactant,[H]c1c([H])c(OC([H])([H])[H])c([H])c(N([H])C(=O)[C:91]([H])=[C:92]([H])[H])c1[H],0,-0.15016128,-0.27830872,-192.6031285748402,10.701409302065397,0.15258259,0.08043325,0.11650792,0.08122322,-0.010144487,0.035539366,-372286.70352317014,0.7657269136980176,-372283.2176135018,-372285.9339641404
S4-9m.2,intermediate,[H]c1c([H])c(OC([H])([H])[H])c([H])c(N([H])C(=O)[C-:91]([H])[C:92]([H])([H])[S:93]C([H])([H])[H])c1[H],-1,-0.4898851,-0.114686064,-67.1475205960982,104.281548130002,0.015526898,0.024491295,0.020009097,-0.012688279,0.35341293,0.17036232,-647285.6781245087,1.866911250166595,-647280.0166952062,-647282.8375791551
S4-9m.2,product,[H]c1c([H])c(OC([H])([H])[H])c([H])c(N([H])C(=O)[C:91]([H])([H])[C:92]([H])([H])[S:93]C([H])([H])[H])c1[H],0,-0.14156422,-0.11989911,-184.81911937373658,16.491625860936757,-0.018966287,-0.02335675,-0.021161519,0.025798544,0.004982397,0.015390471,-647652.9380218874,2.000955428928137,-647647.7954456657,-647650.6324191086
S4-9m.3,reactant,[H]c1c([H])c(OC([H])([H])[H])c([H])c(N([H])C(=O)[C:91]([H])=[C:92]([H])[H])c1[H],0,-0.15099026,-0.27936202,-194.3055878383524,9.032770734886144,0.10985181,0.054516047,0.08218393,0.054887906,-0.0009317845,0.02697806,-372287.2134839736,1.0804969854652882,-372283.88486176415,-372286.25832585304
S4-9m.3,intermediate,[H]c1c([H])c(OC([H])([H])[H])c([H])c(N([H])C(=O)[C-:91]([H])[C:92]([H])([H])[S:93]C([H])([H])[H])c1[H],-1,-0.4983529,-0.11637057,-66.7749422822122,103.66931230519488,-0.019512422,0.015786894,-0.0018627644,-0.0024115741,0.36757693,0.18258268,-647281.9089959398,1.79137375485152,-647277.837924859,-647279.2542823644
S4-9m.3,product,[H]c1c([H])c(OC([H])([H])[H])c([H])c(N([H])C(=O)[C:91]([H])([H])[C:92]([H])([H])[S:93]C([H])([H])[H])c1[H],0,-0.13229102,-0.102862336,-185.85576435914717,14.20702269109453,-0.03952817,-0.048043482,-0.043785825,0.048089445,0.0013568699,0.024723157,-647652.1152566437,1.2122648358345032,-647648.6166620039,-647651.0081894968
S4-9m.4,reactant,[H]c1c([H])c(OC([H])([H])[H])c([H])c(N([H])C(=O)[C:91]([H])=[C:92]([H])[H])c1[H],0,-0.15110931,-0.28034687,-193.91173537467395,9.938079433300317,0.11480802,0.055274785,0.085041404,0.042003527,-0.005038634,0.018482447,-372285.714305394,1.0701995426788926,-372283.1486580039,-372284.60897871753
S4-9m.4,intermediate,[H]c1c([H])c(OC([H])([H])[H])c([H])c(N([H])C(=O)[C-:91]([H])[C:92]([H])([H])[S:93]C([H])([H])[H])c1[H],-1,-0.5172143,-0.108042404,-68.0488299814319,106.84805192489512,-0.00065977126,0.024174385,0.011757307,-0.0005696416,0.3372655,0.16834792,-647284.0085279145,2.747106001712382,-647276.0266132171,-647278.9178338853
S4-9m.4,product,[H]c1c([H])c(OC([H])([H])[H])c([H])c(N([H])C(=O)[C:91]([H])([H])[C:92]([H])([H])[S:93]C([H])([H])[H])c1[H],0,-0.14103824,-0.118774235,-184.63731057792756,15.150104294155865,-0.020694189,-0.024127081,-0.022410635,0.022599757,0.0037867427,0.01319325,-647652.475300069,1.4852159032598138,-647647.3446220226,-647650.3674853935
S4-10m.1,reactant,[H]c1c([H])c(SC([H])([H])[H])c([H])c(N([H])C(=O)[C:91]([H])=[C:92]([H])[H])c1[H],0,-0.1523282,-0.27760708,-188.82028252366598,4.5379089246912905,0.118576944,0.074058846,0.096317895,0.05687073,-0.007179633,0.024845548,-574969.9883440597,1.039177568629384,-574966.3344806647,-574969.0968731978
S4-10m.1,intermediate,[H]c1c([H])c(SC([H])([H])[H])c([H])c(N([H])C(=O)[C-:91]([H])[C:92]([H])([H])[S:93]C([H])([H])[H])c1[H],-1,-0.49711156,-0.1160154,-68.17267684083845,94.76449400379634,0.0046796575,0.024847798,0.014763728,-0.0271236,0.3303585,0.15161745,-849969.1326075201,1.968333643861115,-849963.134789795,-849966.0173091207
S4-10m.1,product,[H]c1c([H])c(SC([H])([H])[H])c([H])c(N([H])C(=O)[C:91]([H])([H])[C:92]([H])([H])[S:93]C([H])([H])[H])c1[H],0,-0.13961698,-0.12002758,-181.03835053284544,9.361451186278664,-0.026121572,-0.023700781,-0.024911176,0.014701232,0.0039739013,0.009337567,-850335.4610424384,2.254121127538383,-850330.5778291685,-850333.0762708017
S4-10m.2,reactant,[H]c1c([H])c(SC([H])([H])[H])c([H])c(N([H])C(=O)[C:91]([H])=[C:92]([H])[H])c1[H],0,-0.15003385,-0.27732074,-188.57759671162538,5.063130380854868,0.12193182,0.075912654,0.09892224,0.05326572,-0.009358376,0.021953672,-574969.6142392869,1.0064643612131476,-574966.4715556767,-574968.6054750353
S4-10m.2,intermediate,[H]c1c([H])c(SC([H])([H])[H])c([H])c(N([H])C(=O)[C-:91]([H])[C:92]([H])([H])[S:93]C([H])([H])[H])c1[H],-1,-0.5023811,-0.117874324,-68.41820587566791,93.77486312382663,-0.02438198,0.015668504,-0.004356738,-0.01619628,0.35049623,0.16714999,-849965.6598828345,0.9742222055792809,-849960.5479944443,-849962.7899591775
S4-10m.2,product,[H]c1c([H])c(SC([H])([H])[H])c([H])c(N([H])C(=O)[C:91]([H])([H])[C:92]([H])([H])[S:93]C([H])([H])[H])c1[H],0,-0.14197241,-0.118294165,-182.30956183894696,9.708217981481791,-0.029001549,-0.026866317,-0.027933933,0.015511572,0.0042444915,0.009878032,-850336.0237011926,1.3907709931954741,-850331.270659335,-850333.7573354833
S4-10m.3,reactant,[H]c1c([H])c(SC([H])([H])[H])c([H])c(N([H])C(=O)[C:91]([H])=[C:92]([H])[H])c1[H],0,-0.15230659,-0.27761048,-188.84552803002572,4.535750716552809,0.11847612,0.07402335,0.09624974,0.056871668,-0.0072417557,0.024814956,-574969.9862541909,1.01290547195822,-574966.5498092736,-574969.0922625232
S4-10m.3,intermediate,[H]c1c([H])c(SC([H])([H])[H])c([H])c(N([H])C(=O)[C-:91]([H])[C:92]([H])([H])[S:93]C([H])([H])[H])c1[H],-1,-0.49740392,-0.11591807,-68.20396541653075,94.81412104039842,0.0047500506,0.024726637,0.014738344,-0.027169794,0.33158997,0.15221009,-849969.1531973651,2.0652863262221217,-849963.3559147766,-849966.066907946
S4-10m.3,product,[H]c1c([H])c(SC([H])([H])[H])c([H])c(N([H])C(=O)[C:91]([H])([H])[C:92]([H])([H])[S:93]C([H])([H])[H])c1[H],0,-0.13313572,-0.105996706,-182.36890368423397,8.299800723184266,-0.04492926,-0.045541056,-0.045235157,0.02717407,0.0015973598,0.014385715,-850335.0086310857,1.301330965012312,-850331.5289046691,-850333.7283226919
S4-10m.4,reactant,[H]c1c([H])c(SC([H])([H])[H])c([H])c(N([H])C(=O)[C:91]([H])=[C:92]([H])[H])c1[H],0,-0.15203059,-0.27765962,-188.82454774283784,4.531047474674512,0.118270695,0.073944464,0.09610758,0.057491884,-0.0073198676,0.025086008,-574969.9844163765,0.8940734090283513,-574966.9767848683,-574969.1051670095
S4-10m.4,intermediate,[H]c1c([H])c(SC([H])([H])[H])c([H])c(N([H])C(=O)[C-:91]([H])[C:92]([H])([H])[S:93]C([H])([H])[H])c1[H],-1,-0.4951749,-0.1160697,-68.23325721242168,94.6474704378353,0.004653685,0.025308251,0.014980968,-0.028057724,0.32951465,0.15072846,-849969.0479598751,1.9343915497884154,-849964.3747661633,-849966.0824350329
S4-10m.4,product,[H]c1c([H])c(SC([H])([H])[H])c([H])c(N([H])C(=O)[C:91]([H])([H])[C:92]([H])([H])[S:93]C([H])([H])[H])c1[H],0,-0.13073172,-0.10430599,-180.9674759517289,7.594115178096267,-0.043511786,-0.044212632,-0.04386221,0.025115743,0.00073839724,0.01292707,-850334.3802386998,0.7097905427217484,-850330.4423920689,-850333.0063933665
S4-10m.5,reactant,[H]c1c([H])c(SC([H])([H])[H])c([H])c(N([H])C(=O)[C:91]([H])=[C:92]([H])[H])c1[H],0,-0.15132378,-0.27791533,-190.00712668940676,3.99478877841917,0.080132395,0.04800348,0.06406794,0.027421385,-0.003215,0.0121031925,-574968.8826688443,1.2831894811242819,-574965.1181098595,-574967.7338186661
S4-10m.5,intermediate,[H]c1c([H])c(SC([H])([H])[H])c([H])c(N([H])C(=O)[C-:91]([H])[C:92]([H])([H])[S:93]C([H])([H])[H])c1[H],-1,-0.5070869,-0.11684872,-69.22025403207707,97.79070208394661,0.008381158,0.026211902,0.01729653,-0.024154544,0.34700346,0.16142446,-849971.1244518707,1.9960874021053314,-849965.5761594255,-849968.399712501
S4-10m.5,product,[H]c1c([H])c(SC([H])([H])[H])c([H])c(N([H])C(=O)[C:91]([H])([H])[C:92]([H])([H])[S:93]C([H])([H])[H])c1[H],0,-0.1328164,-0.10649217,-182.4141783743611,8.35401981865764,-0.044942588,-0.045451544,-0.045197066,0.026921898,0.0012634248,0.014092661,-850335.0225804023,1.7826227433979511,-850331.526941086,-850333.7266844044
S4-10m.6,reactant,[H]c1c([H])c(SC([H])([H])[H])c([H])c(N([H])C(=O)[C:91]([H])=[C:92]([H])[H])c1[H],0,-0.15147097,-0.27797517,-190.03064984025391,4.018874030629001,0.08000639,0.04795356,0.063979976,0.027634606,-0.0031500906,0.012242258,-574968.8768405,1.170932687819004,-574965.3858213573,-574967.7058096754
S4-10m.6,intermediate,[H]c1c([H])c(SC([H])([H])[H])c([H])c(N([H])C(=O)[C-:91]([H])[C:92]([H])([H])[S:93]C([H])([H])[H])c1[H],-1,-0.49830022,-0.11726939,-68.55907955507993,95.33023842808775,0.003808178,0.025876723,0.014842451,-0.03180924,0.33367133,0.15093105,-849969.2831771491,1.7863644231110811,-849963.5504408797,-849966.2109104358
S4-10m.6,product,[H]c1c([H])c(SC([H])([H])[H])c([H])c(N([H])C(=O)[C:91]([H])([H])[C:92]([H])([H])[S:93]C([H])([H])[H])c1[H],0,-0.13191764,-0.104018494,-180.90456484687132,7.750522076694666,-0.043494076,-0.044410273,-0.043952174,0.025985599,0.001441732,0.013713665,-850334.3433070645,1.5362956458702683,-850330.2892090351,-850332.9318501767
S4-10m.7,reactant,[H]c1c([H])c(SC([H])([H])[H])c([H])c(N([H])C(=O)[C:91]([H])=[C:92]([H])[H])c1[H],0,-0.1496448,-0.2773756,-188.5777819633645,5.062682517910826,0.12175134,0.075882524,0.09881693,0.053785846,-0.009569511,0.022108167,-574969.6214754394,0.8876027567312121,-574967.1204722064,-574968.6202726184
S4-10m.7,intermediate,[H]c1c([H])c(SC([H])([H])[H])c([H])c(N([H])C(=O)[C-:91]([H])[C:92]([H])([H])[S:93]C([H])([H])[H])c1[H],-1,-0.52605814,-0.10620673,-70.88964774638437,98.44065101848318,-0.0054444447,0.023990922,0.0092732385,-0.01000905,0.335016,0.16250348,-849969.2178797479,3.6015523597598076,-849962.3004990824,-849965.0701405695
S4-10m.7,product,[H]c1c([H])c(SC([H])([H])[H])c([H])c(N([H])C(=O)[C:91]([H])([H])[C:92]([H])([H])[S:93]C([H])([H])[H])c1[H],0,-0.15214947,-0.1170713,-181.7134044835316,10.570043624475423,-0.018708691,-0.021260485,-0.019984588,0.02127108,0.012677014,0.016974047,-850337.061326591,1.9066459257155657,-850331.012603945,-850334.2370143074
S4-12m.1,reactant,[H]c1c([H])c(N([H])C(=O)[C:91]([H])=[C:92]([H])[H])c([H])c([N+](=O)[O-])c1[H],0,-0.15534306,-0.26569495,-206.57469505056102,-8.663049730646103,0.09167361,0.08980931,0.09074146,0.012629256,-0.0011498779,0.005739689,-428791.0958856617,0.49299192801117897,-428787.72652881447,-428789.5186361453
S4-12m.1,intermediate,[H]c1c([H])c(N([H])C(=O)[C-:91]([H])[C:92]([H])([H])[S:93]C([H])([H])[H])c([H])c([N+](=O)[O-])c1[H],-1,-0.49952605,-0.115776934,-74.29785315069385,75.60524997362197,-0.017170377,0.019623302,0.0012264624,-0.048630714,0.30914944,0.13025936,-703795.3374910577,1.61551518086344,-703787.165613896,-703790.7480658868
S4-12m.1,product,[H]c1c([H])c(N([H])C(=O)[C:91]([H])([H])[C:92]([H])([H])[S:93]C([H])([H])[H])c([H])c([N+](=O)[O-])c1[H],0,-0.14204146,-0.12767392,-195.16546346129775,-3.288095772498878,-0.033200786,-0.017445177,-0.025322981,0.0069103986,0.0063654035,0.006637901,-704157.1067356905,1.7726656422019005,-704151.9942637576,-704153.9091092913
S4-12m.2,reactant,[H]c1c([H])c(N([H])C(=O)[C:91]([H])=[C:92]([H])[H])c([H])c([N+](=O)[O-])c1[H],0,-0.15581292,-0.26730517,-205.0675335238889,-6.9167635711061894,0.09326023,0.08934161,0.09130092,0.01834023,-0.0005606115,0.008889809,-428789.6671197815,0.8307330990210176,-428785.0535877289,-428787.8762104002
S4-12m.2,intermediate,[H]c1c([H])c(N([H])C(=O)[C-:91]([H])[C:92]([H])([H])[S:93]C([H])([H])[H])c([H])c([N+](=O)[O-])c1[H],-1,-0.5002324,-0.1156461,-74.29858518034415,75.60439089488817,-0.016951732,0.01963956,0.0013439134,-0.048098534,0.3096394,0.13077042,-703795.352297062,1.7066010031849146,-703790.5954752425,-703790.8232554856
S4-12m.2,product,[H]c1c([H])c(N([H])C(=O)[C:91]([H])([H])[C:92]([H])([H])[S:93]C([H])([H])[H])c([H])c([N+](=O)[O-])c1[H],0,-0.13564146,-0.114847526,-194.55090327318754,-2.1943512735097928,-0.05426157,-0.037948415,-0.04610499,0.007816032,0.0019887984,0.004902415,-704154.4532621319,1.0903913788497448,-704148.7700301312,-704152.3517841179
S4-11m.1,reactant,[H]c1c([H])c(N([H])C(=O)[C:91]([H])=[C:92]([H])[H])c([H])c(N(C([H])([H])[H])C([H])([H])[H])c1[H],0,-0.1456216,-0.28402436,-180.3029537187471,11.314528353970877,0.13823098,0.06825328,0.10324213,0.087008476,-0.013136759,0.03693586,-384497.16360474593,1.5559206120669842,-384493.131398028,-384495.87917162356
S4-11m.1,intermediate,[H]c1c([H])c(N([H])C(=O)[C-:91]([H])[C:92]([H])([H])[S:93]C([H])([H])[H])c([H])c(N(C([H])([H])[H])C([H])([H])[H])c1[H],-1,-0.47738725,-0.113496795,-66.42985673070791,100.37597022948509,0.014406875,0.025302008,0.019854441,-0.009909183,0.3302202,0.1601555,-659493.6395143371,2.1092069894075394,-659486.6968022848,-659489.9374585944
S4-11m.1,product,[H]c1c([H])c(N([H])C(=O)[C:91]([H])([H])[C:92]([H])([H])[S:93]C([H])([H])[H])c([H])c(N(C([H])([H])[H])C([H])([H])[H])c1[H],0,-0.13883084,-0.11568524,-176.48837420246784,13.938238788178293,-0.02545476,-0.032771096,-0.029112928,0.018556148,-0.0002553612,0.009150393,-659861.4511273034,3.338528980500996,-659855.9942086592,-659859.1388805555
S4-11m.2,reactant,[H]c1c([H])c(N([H])C(=O)[C:91]([H])=[C:92]([H])[H])c([H])c(N(C([H])([H])[H])C([H])([H])[H])c1[H],0,-0.14746821,-0.28393334,-181.31008370994252,10.639765648780765,0.100227535,0.04732448,0.07377601,0.04781863,-0.0068790317,0.0204698,-384495.99740458274,1.4400701746344566,-384491.302670164,-384494.5996833143
S4-11m.2,intermediate,[H]c1c([H])c(N([H])C(=O)[C-:91]([H])[C:92]([H])([H])[S:93]C([H])([H])[H])c([H])c(N(C([H])([H])[H])C([H])([H])[H])c1[H],-1,-0.48461214,-0.1143991,-65.77222003968892,104.38999813730446,0.015918352,0.025294617,0.020606484,-0.01075694,0.32372797,0.15648551,-659495.463948923,1.9609354389831424,-659489.1475763252,-659491.942267686
S4-11m.2,product,[H]c1c([H])c(N([H])C(=O)[C:91]([H])([H])[C:92]([H])([H])[S:93]C([H])([H])[H])c([H])c(N(C([H])([H])[H])C([H])([H])[H])c1[H],0,-0.12747675,-0.09700572,-177.06397201212098,12.59218058510946,-0.041749578,-0.05308693,-0.04741825,0.02945733,-0.0056815594,0.011887886,-659861.3521345758,1.7388680195435882,-659856.2932402617,-659859.7741028902
S4-11m.3,reactant,[H]c1c([H])c(N([H])C(=O)[C:91]([H])=[C:92]([H])[H])c([H])c(N(C([H])([H])[H])C([H])([H])[H])c1[H],0,-0.1451913,-0.28243974,-180.49057531122105,10.786099225315747,0.13721028,0.06830223,0.102756254,0.074052826,-0.015166104,0.02944336,-384496.29243750346,1.7811089185997844,-384491.9009708758,-384495.0908822826
S4-11m.3,intermediate,[H]c1c([H])c(N([H])C(=O)[C-:91]([H])[C:92]([H])([H])[S:93]C([H])([H])[H])c([H])c(N(C([H])([H])[H])C([H])([H])[H])c1[H],-1,-0.45085296,-0.115757175,-64.73176474219218,98.91204047566775,-0.0003209412,0.019392617,0.009535838,-0.002411753,0.33066028,0.16412427,-659490.7031173476,1.6524359630420804,-659484.4062026418,-659486.9828430391
S4-11m.3,product,[H]c1c([H])c(N([H])C(=O)[C:91]([H])([H])[C:92]([H])([H])[S:93]C([H])([H])[H])c([H])c(N(C([H])([H])[H])C([H])([H])[H])c1[H],0,-0.126151,-0.09653298,-177.25763166991493,14.19171480516142,-0.043811657,-0.057291023,-0.05055134,0.049120083,0.0043499693,0.026735026,-659862.5914660952,1.8897232580929995,-659858.2927535274,-659860.9258527453
S4-11m.4,reactant,[H]c1c([H])c(N([H])C(=O)[C:91]([H])=[C:92]([H])[H])c([H])c(N(C([H])([H])[H])C([H])([H])[H])c1[H],0,-0.1457688,-0.2840006,-180.32645281766557,11.345236996257036,0.13845971,0.068242595,0.10335115,0.08663222,-0.013129815,0.036751203,-384497.1628528433,1.5061080576851964,-384492.8395242356,-384495.85183287965
S4-11m.4,intermediate,[H]c1c([H])c(N([H])C(=O)[C-:91]([H])[C:92]([H])([H])[S:93]C([H])([H])[H])c([H])c(N(C([H])([H])[H])C([H])([H])[H])c1[H],-1,-0.48436484,-0.114579014,-65.30314096289474,100.14052941474516,-0.01917734,0.01533477,-0.001921285,-0.0017449856,0.33362764,0.16594133,-659490.1068284246,1.1453319657593966,-659484.140555889,-659486.7440477682
S4-11m.4,product,[H]c1c([H])c(N([H])C(=O)[C:91]([H])([H])[C:92]([H])([H])[S:93]C([H])([H])[H])c([H])c(N(C([H])([H])[H])C([H])([H])[H])c1[H],0,-0.13960105,-0.116850264,-177.1431774926467,14.61811574616783,-0.026684903,-0.03478376,-0.03073433,0.019931689,-0.00032123923,0.009805225,-659862.456105213,2.0734942462295294,-659857.5098914749,-659860.3984152884
S4-2p.1,reactant,[H]c1c([H])c(N([H])C(=O)[C:91]([H])=[C:92]([H])[H])c([H])c([H])c1F,0,-0.1457893,-0.275482,-202.0660417249482,8.645164227507987,0.11723086,0.06575805,0.091494456,0.042755157,-0.0011201352,0.02081751,-362685.42357388936,0.4705091342329979,-362682.9029372787,-362684.54328331957
S4-2p.1,intermediate,[H]c1c([H])c(N([H])C(=O)[C-:91]([H])[C:92]([H])([H])[S:93]C([H])([H])[H])c([H])c([H])c1F,-1,-0.51470643,-0.10639611,-70.26177679342234,109.72609734416355,-0.012367807,0.022852711,0.005242452,-0.013827682,0.329566,0.15786916,-637685.9905102266,3.5503068240359426,-637680.1114558097,-637682.1427484317
S4-2p.1,product,[H]c1c([H])c(N([H])C(=O)[C:91]([H])([H])[C:92]([H])([H])[S:93]C([H])([H])[H])c([H])c([H])c1F,0,-0.13422927,-0.1062314,-192.87114433015387,14.737739813083543,-0.045839675,-0.04425054,-0.045045108,0.038518414,0.0035220534,0.021020234,-638051.572338345,1.1019923528656363,-638048.0427536704,-638050.4419091721
S4-3p.1,reactant,[H]c1c([H])c(N([H])C(=O)[C:91]([H])=[C:92]([H])[H])c([H])c([H])c1Cl,0,-0.15302432,-0.27377382,-198.96541022545208,5.7566351859612075,0.14075342,0.08750862,0.11413102,0.06129156,-0.005533457,0.027879052,-588820.099135766,0.7186076315119863,-588817.2143399742,-588819.4923503434
S4-3p.1,intermediate,[H]c1c([H])c(N([H])C(=O)[C-:91]([H])[C:92]([H])([H])[S:93]C([H])([H])[H])c([H])c([H])c1Cl,-1,-0.49185887,-0.11535777,-70.03117285740367,101.14214524354901,-0.031477094,0.014940187,-0.008268453,-0.010931432,0.35508597,0.17207727,-863819.2774709796,1.7482932014390826,-863815.4523310831,-863816.9367376093
S4-3p.1,product,[H]c1c([H])c(N([H])C(=O)[C:91]([H])([H])[C:92]([H])([H])[S:93]C([H])([H])[H])c([H])c([H])c1Cl,0,-0.13353793,-0.10558358,-190.87220256320234,11.092029337119216,-0.04600427,-0.045295432,-0.04564985,0.030787155,0.0006097108,0.015698433,-864185.0074847376,1.0941436951979995,-864181.893252496,-864184.0327991785
S4-4p.1,reactant,[H]c1c([H])c(C([H])([H])[H])c([H])c([H])c1N([H])C(=O)[C:91]([H])=[C:92]([H])[H],0,-0.14964929,-0.2808087,-195.1135295225416,13.11117616146855,0.121459514,0.058839828,0.09014967,0.046000227,-0.0040226877,0.02098877,-325062.21547449764,0.8600086430087686,-325059.66747478105,-325061.2450827052
S4-4p.1,intermediate,[H]c1c([H])c(C([H])([H])[H])c([H])c([H])c1N([H])C(=O)[C-:91]([H])[C:92]([H])([H])[S:93]C([H])([H])[H],-1,-0.5078417,-0.105325624,-66.87570321766158,111.60731742973411,-0.015241936,0.02274958,0.0037538223,-0.0110658705,0.31457317,0.15175365,-600059.5768189557,2.925635348074138,-600052.2568352231,-600054.4420046932
S4-4p.1,product,[H]c1c([H])c(C([H])([H])[H])c([H])c([H])c1N([H])C(=O)[C:91]([H])([H])[C:92]([H])([H])[S:93]C([H])([H])[H],0,-0.13062222,-0.100738354,-186.92940974160035,18.846167744257578,-0.041534953,-0.049318247,-0.0454266,0.036425233,-0.0011322498,0.017646492,-600427.9970292835,1.0666039641946554,-600424.726052186,-600426.9764886532
S4-5p.1,reactant,[H]c1c([H])c(C(F)(F)F)c([H])c([H])c1N([H])C(=O)[C:91]([H])=[C:92]([H])[H],0,-0.1521364,-0.2734887,-205.22920256476093,0.019611337935697054,0.09285888,0.061540365,0.07719962,0.019790962,-0.00015723705,0.009816863,-512012.49078587565,0.8715306110680103,-512009.05202353507,-512011.1404701643
S4-5p.1,intermediate,[H]c1c([H])c(C(F)(F)F)c([H])c([H])c1N([H])C(=O)[C-:91]([H])[C:92]([H])([H])[S:93]C([H])([H])[H],-1,-0.508329,-0.10479969,-76.39684925550982,97.93650468732056,-0.014192924,0.021971278,0.003889177,-0.018525958,0.32674867,0.15411136,-787017.5545492625,4.467940273694694,-787010.7661856168,-787013.9292007494
S4-5p.1,product,[H]c1c([H])c(C(F)(F)F)c([H])c([H])c1N([H])C(=O)[C:91]([H])([H])[C:92]([H])([H])[S:93]C([H])([H])[H],0,-0.14191763,-0.12411958,-192.77243165114504,6.234264871178464,-0.027527124,-0.01582244,-0.021674782,0.013003111,0.0062211007,0.009612106,-787379.5686021394,1.5998571887612343,-787374.3635618039,-787376.9403331261
S4-8p.1,reactant,[H]c1c([H])c(N([H])C(=O)[C:91]([H])=[C:92]([H])[H])c([H])c([H])c1C#N,0,-0.15424484,-0.26742747,-204.5922106669153,-8.004952207836485,0.10869187,0.0899622,0.099327035,0.029660165,-0.0022792518,0.013690457,-358303.2999527548,0.46917349472641945,-358300.0269825133,-358302.26558529167
S4-8p.1,intermediate,[H]c1c([H])c(N([H])C(=O)[C-:91]([H])[C:92]([H])([H])[S:93]C([H])([H])[H])c([H])c([H])c1C#N,-1,-0.49320215,-0.113564946,-77.57827235344317,85.5053462392819,-0.02657123,0.018561639,-0.004004795,-0.021748185,0.30587703,0.14206442,-633310.0182794937,1.408421971835196,-633304.699699184,-633306.9363780869
S4-8p.1,product,[H]c1c([H])c(N([H])C(=O)[C:91]([H])([H])[C:92]([H])([H])[S:93]C([H])([H])[H])c([H])c([H])c1C#N,0,-0.13402939,-0.111217864,-194.23074749588068,-3.1248066182250342,-0.05066933,-0.039061032,-0.044865184,0.014904305,0.0010754466,0.007989876,-633668.1339554952,1.236741411499679,-633664.3180059284,-633666.7530975768
S4-9p.1,reactant,[H]c1c([H])c(N([H])C(=O)[C:91]([H])=[C:92]([H])[H])c([H])c([H])c1OC([H])([H])[H],0,-0.15179926,-0.27871042,-184.5344679565036,12.456951182231945,0.14558256,0.07725285,0.1114177,0.06575775,-0.010880992,0.02743838,-372285.8879205108,0.7727785389870405,-372282.703835559,-372285.13127395866
S4-9p.1,intermediate,[H]c1c([H])c(N([H])C(=O)[C-:91]([H])[C:92]([H])([H])[S:93]C([H])([H])[H])c([H])c([H])c1OC([H])([H])[H],-1,-0.5132319,-0.115015365,-65.48242488480827,107.80582234956972,-0.01788409,0.020566903,0.0013414063,-0.015497267,0.32282475,0.15366374,-647281.0738580482,1.7001013634726405,-647275.2393136806,-647276.5371044986
S4-9p.1,product,[H]c1c([H])c(N([H])C(=O)[C:91]([H])([H])[C:92]([H])([H])[S:93]C([H])([H])[H])c([H])c([H])c1OC([H])([H])[H],0,-0.1322291,-0.101701565,-179.56894906580112,16.540986987798064,-0.041635443,-0.050492413,-0.04606393,0.032959327,-0.0042566657,0.014351331,-647650.6902690289,1.4888410670682788,-647647.074973401,-647649.6114606571
S4-9p.2,reactant,[H]c1c([H])c(N([H])C(=O)[C:91]([H])=[C:92]([H])[H])c([H])c([H])c1OC([H])([H])[H],0,-0.15159164,-0.27887416,-184.5468438622885,12.452611168520887,0.1451588,0.07726233,0.11121056,0.06579633,-0.010995686,0.027400322,-372285.887915953,0.8117676340043545,-372283.6905479759,-372285.1335017069
S4-9p.2,intermediate,[H]c1c([H])c(N([H])C(=O)[C-:91]([H])[C:92]([H])([H])[S:93]C([H])([H])[H])c([H])c([H])c1OC([H])([H])[H],-1,-0.46768942,-0.11897741,-62.66260365148113,105.81561190479776,-0.006146945,0.019270197,0.0065616257,-0.02102518,0.32554454,0.15225968,-647280.5860028974,2.5155829759314656,-647276.1489697108,-647277.8233776526
S4-9p.2,product,[H]c1c([H])c(N([H])C(=O)[C:91]([H])([H])[C:92]([H])([H])[S:93]C([H])([H])[H])c([H])c([H])c1OC([H])([H])[H],0,-0.13212359,-0.1019071,-179.61272966818962,16.44505919871933,-0.0413973,-0.050558098,-0.045977697,0.033193827,-0.004354015,0.014419906,-647650.6833748975,1.2206866759806871,-647646.0675718377,-647649.6154046548
S4-6p.1,reactant,[H]c1c([H])c([H])c(-c2c([H])c([H])c(N([H])C(=O)[C:91]([H])=[C:92]([H])[H])c([H])c2[H])c([H])c1[H],0,-0.15116233,-0.27978122,-180.93969649081035,0.24599158245773123,0.07585272,0.0449436,0.06039816,0.018077224,-0.0053037405,0.006386742,-445469.0377429938,1.0183497266843915,-445464.5412002249,-445467.99129054905
S4-6p.1,intermediate,[H]c1c([H])c([H])c(-c2c([H])c([H])c(N([H])C(=O)[C-:91]([H])[C:92]([H])([H])[S:93]C([H])([H])[H])c([H])c2[H])c([H])c1[H],-1,-0.4617845,-0.11924523,-65.78122459729846,82.58139762919359,-0.0050885305,0.021004431,0.00795795,-0.0077061355,0.31167698,0.1519854,-720467.201461884,1.8111654808744788,-720461.4707744375,-720464.6638890852
S4-6p.1,product,[H]c1c([H])c([H])c(-c2c([H])c([H])c(N([H])C(=O)[C:91]([H])([H])[C:92]([H])([H])[S:93]C([H])([H])[H])c([H])c2[H])c([H])c1[H],0,-0.14029308,-0.112621374,-173.50570705224317,2.48052758742524,-0.026703939,-0.02957087,-0.028137404,0.024989322,0.012160301,0.018574812,-720834.5669260543,1.7381151700392365,-720830.2209930507,-720832.7350674019
S4-10p.1,reactant,[H]c1c([H])c(N([H])C(=O)[C:91]([H])=[C:92]([H])[H])c([H])c([H])c1SC([H])([H])[H],0,-0.15218149,-0.280124,-180.83499101456118,6.69305888177123,0.08264792,0.048561737,0.06560483,0.015562102,-0.006238818,0.004661642,-574968.059887899,1.2297842390835285,-574964.5698911983,-574966.5063169725
S4-10p.1,intermediate,[H]c1c([H])c(N([H])C(=O)[C-:91]([H])[C:92]([H])([H])[S:93]C([H])([H])[H])c([H])c([H])c1SC([H])([H])[H],-1,-0.5160898,-0.10736134,-70.4519176307705,94.75418549037266,-0.01619476,0.02276957,0.0032874048,-0.024226636,0.3243924,0.15008289,-849969.0031525512,3.055640078149736,-849962.5426432454,-849964.4187640243
S4-10p.1,product,[H]c1c([H])c(N([H])C(=O)[C:91]([H])([H])[C:92]([H])([H])[S:93]C([H])([H])[H])c([H])c([H])c1SC([H])([H])[H],0,-0.1321859,-0.10402011,-175.07759810656194,10.681006624551676,-0.044455536,-0.047903948,-0.04617974,0.01697284,-0.005888894,0.005541973,-850333.247026349,2.794031083583832,-850329.4847582545,-850331.6982503869
S4-10p.2,reactant,[H]c1c([H])c(N([H])C(=O)[C:91]([H])=[C:92]([H])[H])c([H])c([H])c1SC([H])([H])[H],0,-0.15235245,-0.2802216,-180.64395850977067,6.923401311633901,0.082606465,0.04835266,0.06547956,0.01800619,-0.0059374124,0.006034389,-574967.9155160177,0.9999642064794898,-574964.2802718611,-574966.4004893334
S4-10p.2,intermediate,[H]c1c([H])c(N([H])C(=O)[C-:91]([H])[C:92]([H])([H])[S:93]C([H])([H])[H])c([H])c([H])c1SC([H])([H])[H],-1,-0.4899787,-0.113507025,-68.53183597426992,92.92256762268632,-0.000286676,0.02381847,0.011765897,-0.02760616,0.31619537,0.14429459,-849971.0457629795,2.200861076824367,-849964.1789225156,-849967.4803331485
S4-10p.2,product,[H]c1c([H])c(N([H])C(=O)[C:91]([H])([H])[C:92]([H])([H])[S:93]C([H])([H])[H])c([H])c([H])c1SC([H])([H])[H],0,-0.1326616,-0.10473278,-175.12439435527975,11.008519390566722,-0.04783272,-0.05105318,-0.04944295,0.031438246,0.004720032,0.01807914,-850333.5665202101,1.313418853096664,-850328.6110116916,-850331.9137685794
S4-10p.3,reactant,[H]c1c([H])c(N([H])C(=O)[C:91]([H])=[C:92]([H])[H])c([H])c([H])c1SC([H])([H])[H],0,-0.1523055,-0.2802822,-180.6570825920749,6.9413376129202184,0.08248672,0.048329547,0.06540813,0.017906174,-0.0059805512,0.0059628114,-574967.9102860078,1.0487868431955576,-574965.2739516116,-574966.4320604176
S4-10p.3,intermediate,[H]c1c([H])c(N([H])C(=O)[C-:91]([H])[C:92]([H])([H])[S:93]C([H])([H])[H])c([H])c([H])c1SC([H])([H])[H],-1,-0.48869944,-0.11402045,-68.59101101992027,92.88923708887934,0.0005313307,0.024617955,0.012574643,-0.027000219,0.31465924,0.14382952,-849970.9947137512,3.1435392713174224,-849965.4064088156,-849967.9156055736
S4-10p.3,product,[H]c1c([H])c(N([H])C(=O)[C:91]([H])([H])[C:92]([H])([H])[S:93]C([H])([H])[H])c([H])c([H])c1SC([H])([H])[H],0,-0.13149956,-0.10388153,-174.77315051757103,11.237122515184284,-0.048611466,-0.051969,-0.050290234,0.030270934,0.003913656,0.017092295,-850333.7998008176,0.9085455778986216,-850329.3837592858,-850332.1481486185
S4-7p.1,reactant,[H]c1c([H])c(N([H])C(=O)[C:91]([H])=[C:92]([H])[H])c([H])c([H])c1C(=O)OC([H])([H])[H],0,-0.15224819,-0.27450442,-198.19751297215237,-3.731932616384915,0.0794155,0.05367045,0.066542976,0.01429829,-0.0022641271,0.0060170814,-443469.9569743284,0.9825050523504615,-443465.81121537794,-443468.681721498
S4-7p.1,intermediate,[H]c1c([H])c(N([H])C(=O)[C-:91]([H])[C:92]([H])([H])[S:93]C([H])([H])[H])c([H])c([H])c1C(=O)OC([H])([H])[H],-1,-0.477583,-0.113416746,-72.3464274259502,83.24350916595941,0.0009461269,0.021262258,0.011104193,-0.016720891,0.30379158,0.14353535,-718475.2931697135,1.7828918676823378,-718469.4499315922,-718472.7487310733
S4-7p.1,product,[H]c1c([H])c(N([H])C(=O)[C:91]([H])([H])[C:92]([H])([H])[S:93]C([H])([H])[H])c([H])c([H])c1C(=O)OC([H])([H])[H],0,-0.13185348,-0.107575625,-185.51603523730248,0.49197202684099767,-0.0449804,-0.03933893,-0.042159665,0.021015272,0.0021207482,0.01156801,-718835.6573189753,1.220915475860238,-718832.1060093633,-718834.3288007326
S4-7p.2,reactant,[H]c1c([H])c(N([H])C(=O)[C:91]([H])=[C:92]([H])[H])c([H])c([H])c1C(=O)OC([H])([H])[H],0,-0.15172106,-0.2747158,-197.90122971087334,-3.624150781048772,0.080240816,0.05427414,0.06725748,0.013605505,-0.0024973005,0.0055541024,-443470.0490201759,0.8942624181509018,-443464.9337157647,-443468.7809069222
S4-7p.2,intermediate,[H]c1c([H])c(N([H])C(=O)[C-:91]([H])[C:92]([H])([H])[S:93]C([H])([H])[H])c([H])c([H])c1C(=O)OC([H])([H])[H],-1,-0.47721598,-0.11260045,-72.09196732505406,83.07612811120083,0.0019567907,0.021885544,0.011921167,-0.016166389,0.30526212,0.14454786,-718474.9453481496,1.4648205423727632,-718469.1735632827,-718472.5244673969
S4-7p.2,product,[H]c1c([H])c(N([H])C(=O)[C:91]([H])([H])[C:92]([H])([H])[S:93]C([H])([H])[H])c([H])c([H])c1C(=O)OC([H])([H])[H],0,-0.14171088,-0.124807544,-184.67483742801798,1.1285367780543676,-0.028212659,-0.018338718,-0.023275688,0.013786778,0.006435454,0.010111116,-718835.6391238278,2.5556301213800907,-718831.8418046158,-718833.7373695913
S4-7p.3,reactant,[H]c1c([H])c(N([H])C(=O)[C:91]([H])=[C:92]([H])[H])c([H])c([H])c1C(=O)OC([H])([H])[H],0,-0.15208344,-0.27098638,-196.4718652792716,-2.938599718760648,0.113052696,0.0834723,0.0982625,0.035761848,-0.005570695,0.015095577,-443470.8356076853,0.8523118123412132,-443467.46006850724,-443469.8556143074
S4-7p.3,intermediate,[H]c1c([H])c(N([H])C(=O)[C-:91]([H])[C:92]([H])([H])[S:93]C([H])([H])[H])c([H])c([H])c1C(=O)OC([H])([H])[H],-1,-0.49704385,-0.108972155,-72.87090910655031,84.988143709394,-0.021916747,0.016943388,-0.0024866797,-0.014543027,0.31604505,0.15075101,-718472.4281093058,2.540948808193207,-718467.1713326916,-718469.1652584064
S4-7p.3,product,[H]c1c([H])c(N([H])C(=O)[C:91]([H])([H])[C:92]([H])([H])[S:93]C([H])([H])[H])c([H])c([H])c1C(=O)OC([H])([H])[H],0,-0.13183518,-0.10778197,-185.52688582269937,0.4695376431589791,-0.045007482,-0.039310582,-0.042159032,0.020982146,0.0020593107,0.0115207285,-718835.6573641783,1.243274375796318,-718831.7675671143,-718834.3318982549
S4-7p.4,reactant,[H]c1c([H])c(N([H])C(=O)[C:91]([H])=[C:92]([H])[H])c([H])c([H])c1C(=O)OC([H])([H])[H],0,-0.15251109,-0.27104098,-196.28783048025312,-2.8647488619129926,0.113461316,0.08371423,0.098587774,0.035588488,-0.005292192,0.015148148,-443470.93626977655,0.7352854516357183,-443468.1578038124,-443469.9722090638
S4-7p.4,intermediate,[H]c1c([H])c(N([H])C(=O)[C-:91]([H])[C:92]([H])([H])[S:93]C([H])([H])[H])c([H])c([H])c1C(=O)OC([H])([H])[H],-1,-0.50194836,-0.10990896,-74.00873552185264,85.27675992513318,-0.020695314,0.018388398,-0.0011534579,-0.01796168,0.318559,0.15029866,-718472.75619208,1.473874295130372,-718467.1919620988,-718469.4186138693
S4-7p.4,product,[H]c1c([H])c(N([H])C(=O)[C:91]([H])([H])[C:92]([H])([H])[S:93]C([H])([H])[H])c([H])c([H])c1C(=O)OC([H])([H])[H],0,-0.14667116,-0.11905242,-186.23644415725306,0.38025708265946145,-0.022819906,-0.01387728,-0.018348593,0.00998497,0.0027669966,0.0063759834,-718836.4385387565,3.690615185536444,-718831.3982397146,-718834.0772918907
S4-12p.1,reactant,[H]c1c([H])c([N+](=O)[O-])c([H])c([H])c1N([H])C(=O)[C:91]([H])=[C:92]([H])[H],0,-0.15318501,-0.2694982,-208.0860465565157,-12.594573800713027,0.06612241,0.058566928,0.06234467,-0.0013263971,-0.00024552643,-0.00078596175,-428790.2977708115,0.9140188796445727,-428785.49333195074,-428787.87747511605
S4-12p.1,intermediate,[H]c1c([H])c([N+](=O)[O-])c([H])c([H])c1N([H])C(=O)[C-:91]([H])[C:92]([H])([H])[S:93]C([H])([H])[H],-1,-0.46759325,-0.111091256,-77.94211214085472,70.5498072562952,-0.011791743,0.017441645,0.002824951,-0.025404096,0.28760576,0.13110083,-703801.6722905394,1.5634727170690894,-703793.8808590212,-703797.631575812
S4-12p.1,product,[H]c1c([H])c([N+](=O)[O-])c([H])c([H])c1N([H])C(=O)[C:91]([H])([H])[C:92]([H])([H])[S:93]C([H])([H])[H],0,-0.13237114,-0.11233673,-195.13479090491646,-6.915484367398259,-0.05258414,-0.03722594,-0.04490504,0.0054391176,-0.0021381825,0.0016504675,-704156.0064793844,1.1545167602598667,-704150.4812710283,-704153.6544247528
S4-11p.1,reactant,[H]c1c([H])c(N(C([H])([H])[H])C([H])([H])[H])c([H])c([H])c1N([H])C(=O)[C:91]([H])=[C:92]([H])[H],0,-0.1497454,-0.28603384,-169.83506366269208,15.021451191940972,0.09588829,0.047314122,0.071601205,0.02500002,-0.009853676,0.0075731725,-384494.9407517154,1.224188874475658,-384489.36430958245,-384493.14338012034
S4-11p.1,intermediate,[H]c1c([H])c(N(C([H])([H])[H])C([H])([H])[H])c([H])c([H])c1N([H])C(=O)[C-:91]([H])[C:92]([H])([H])[S:93]C([H])([H])[H],-1,-0.50852704,-0.11327542,-63.23547629418297,105.7452142493619,-0.021577112,0.018621586,-0.001477763,-0.022310346,0.30448312,0.1410864,-659489.3829794951,2.0142227690666914,-659478.8420371601,-659482.7009133536
S4-11p.1,product,[H]c1c([H])c(N(C([H])([H])[H])C([H])([H])[H])c([H])c([H])c1N([H])C(=O)[C:91]([H])([H])[C:92]([H])([H])[S:93]C([H])([H])[H],0,-0.12937029,-0.09643237,-166.91136853004068,18.585924141902854,-0.042225916,-0.05336237,-0.04779414,0.017023176,-0.0097592175,0.0036319792,-659860.2822834183,1.215960642322898,-659855.6149552832,-659858.640747016
