Name,SMILES,GSH_half_life_min,dataset,id
3,FC1=C(Cl)C=C(NC2=NC=NC3=C2C=C(NC(/C=C/CN(C)C)=O)C(O[C@@H]4COCC4)=C3)C=C1,25,S2,S2-3
4,FC1=C(Cl)C=C(NC2=NC=NC3=C2C=C(NC(C=C)=O)C(OCCCN4CCOCC4)=C3)C=C1,23,S2,S2-4
5,FC1=C(Cl)C=C(NC2=NC=NC3=C2C=C(NC(/C=C/CN4CCCCC4)=O)C(OC)=C3)C=C1,49.3,S2,S2-5
14,ClC1=CN=C(NC2=C(OC)C=CC(NC(/C=C/CN(C)C)=O)=C2)N=C1C3=CNC4=C3C=CC=C4,442,S2,S2-14
15,ClC1=CN=C(NC2=C(OC)C=CC(NC(/C=C/CN(C)C)=O)=C2)N=C1C3=C(C=CC=C4)N4N=C3,352,S2,S2-15
16,COC(C=CC(NC(/C=C/CN(C)C)=O)=C1)=C1NC2=NC=CC(C3=C(C=CC=C4)N4N=C3)=N2,440,S2,S2-16
18,C1=CN=C(NC2=CC(NC(/C=C/CN(C)C)=O)=CC=C2OC)N=C1C3=C(C=CC=C4)N4N=C3,479,S2,S2-18
20,O=C(C=C)NC1=CC=C(N)C=C1,816,S2,S2-20
21,O=C(C=C)NC1=CC=C(F)C=C1,323,S2,S2-21
22,O=C(C=C)NCC1=CC=CC=C1,2940,S2,S2-22
23,O=C(C=C)N(C)C1=CC=CC=C1,436,S2,S2-23
24,O=C(C=C)NC1=CC=CC=C1,299,S2,S2-24
25,O=C(C=C)NC1=C(C)C=CC=C1,428,S2,S2-25
26,O=C(C=C)NC1=CC=C(OC)C=C1,524,S2,S2-26
27,O=C(C=C)NC1=C(C#N)C=CC=C1,37.2,S2,S2-27
28,O=C(C=C)NC1=CC=CC(F)=C1,145,S2,S2-28
29,O=C(C=C)NC1=CC=C(C)C=C1,361,S2,S2-29
30,O=C(C=C)NC1=NC=CC=C1,22,S2,S2-30
31,O=C(C=C)NC1=CC=C(C#N)C=C1,32.9,S2,S2-31
32,O=C(C(C)=C)NC(C)(C)C1=CC=CC=C1,>8640,S2,S2-32
33,O=C(C(C)=C)NC1=CC=CC=C1,>10000,S2,S2-33
34,O=C(/C=C(C)/C)NC1=CC=CC=C1,>10000,S2,S2-34
35,O=C(/C=C/C)NC1=CC=CC=C1,>10000,S2,S2-35
36,ClC1=CN=C(NC2=CC(NC(/C=C/CN(C)C)=O)=CC=C2)N=C1C3=CNC4=C3C=CC=C4,173,S2,S2-36
37,ClC1=CN=C(NC2=CC(NC(C=C)=O)=CC=C2OC)N=C1C3=CN=C4C=CC=CN43,364,S2,S2-37
38,ClC1=CN=C(NC2=C(OC)C=C(CN(C)C)C(NC(C=C)=O)=C2)N=C1C3=CN=C4C=CC=CN43,<66,S2,S2-38
39,ClC1=CN=C(NC2=C(OC)C=CC(NC(/C=C/CN(C)C)=O)=C2)N=C1C3=CN=C4C(C)=CC=CN43,298,S2,S2-39
40,COC(C=CC(NC(/C=C/CN(C)C)=O)=C1)=C1NC2=NC=C(C#N)C(C3=C4C=CC=CN4N=C3)=N2,413,S2,S2-40
41,ClC1=CN=C(NC2=NN(C)C(NC(C=C)=O)=C2)N=C1C3=C4C=CC=CN4N=C3,32,S2,S2-41
42,CONC(C1=C(NC2=C(Cl)C=NC(NC3=C(OC)C=CC(NC(C=C)=O)=C3)=N2)C=CC=C1)=O,1231,S2,S2-42
43,CNC(C1=C(NC2=C(Cl)C=NC(NC3=CC=CC(NC(C=C)=O)=C3)=N2)C=CC=C1)=O,328,S2,S2-43
44,CNC(C1=C(NC2=C(Cl)C=NC(NC3=C(OC)C=CC(NC(C=C)=O)=C3)=N2)C=CC=C1)=O,924,S2,S2-44
45,CNC(C1=C(NC2=C(Cl)C=NC(NC3=C(OC)C=CC(NC(/C=C/CN(C)C)=O)=C3)=N2)C=CC=C1)=O,453,S2,S2-45
46,CNC(C1=C(NC2=C(Cl)C=NC(NC3=C(OC)C=CC(NC(C(CN4CCOCC4)=C)=O)=C3)=N2)C=CC=C1)=O,16.8,S2,S2-46
47,ClC(C=NC(NC1=C(OC)C=CC(NC(C2=CCCN(C)C2)=O)=C1)=N3)=C3C4=C5C=CC=CN5N=C4,>2000,S2,S2-47
48,ClC(C=NC(NC1=C(OC)C=CC(NC(C2=CCN(C)CC2)=O)=C1)=N3)=C3C4=C5C=CC=CN5N=C4,>2000,S2,S2-48
53,FC1=C(Cl)C=C(NC2=C(C#N)C=NC3=C2C=C(NC(/C=C/CN(C)C)=O)C(OCC)=C3)C=C1,31,S2,S2-53
54,ClC1=C(OCC2=NC=CC=C2)C=CC(NC3=C(C#N)C=NC4=C3C=C(NC(/C=C/CN(C)C)=O)C(OCC)=C4)=C1,41,S2,S2-54
55,O=C(C=C)NC1=CC2=C(C=C1)N=CN=C2NC3=CC=CC(C)=C3,76.9,S2,S2-55
1,C=CC(=O)Nc1ccccn1,7.8,S3,S3-1
2,C=CC(=O)Nc1cccc(c1)C#N,26.4,S3,S3-2
3,C=CC(=O)Nc1cccc(c1)Cl,45,S3,S3-3
4,C=CC(=O)Nc1ccccc1,52.8,S3,S3-4
5,COc1cccc(c1)NC(=O)C=C,96,S3,S3-5
6,CN(c1ccccc1)C(=O)C=C,210,S3,S3-6
7,CNC(=O)/C=C/C(F)(F)F,240,S3,S3-7
8,COc1ccc(cc1)NC(=O)C=C,270,S3,S3-8
9,C=CC(=O)N1CCC(C1)O,480,S3,S3-9
10,C=CC(=O)NCc1ccccc1,900,S3,S3-10
11,CNC(=O)C=C,1002,S3,S3-11
12,COc1cccc(c1)CNC(=O)C=C,1500,S3,S3-12
13,CN1CC=CC1=O,1620,S3,S3-13
14,C=CC(=O)N1CCCCC1,1980,S3,S3-14
15,CC(=C)C(=O)Nc1ccccc1,>3600,S3,S3-15
16,C/C=C/C(=O)Nc1ccccc1,>3600,S3,S3-16
21,CNC(=O)/C=C/CN1CCOCC1,1680,S3,S3-21
22,CNC(=O)/C=C/CN1CCC1,2460,S3,S3-22
23,CNC(=O)/C=C/CN(C)C,>3600,S3,S3-23
24,C/C=C/C(=O)NC,>3600,S3,S3-24
25,CC/C=C/C(=O)NC,>3600,S3,S3-25
44,CNC(=O)C1=CCC1,>3600,S3,S3-44
45,CNC(=O)C1=CCCC1,>3600,S3,S3-45
1,O=C(C=C)NC1=CC=CC=C1,179,S4,S4-1
2o,O=C(C=C)NC1=CC=CC=C1F,110,S4,S4-2o
3o,O=C(C=C)NC1=CC=CC=C1Cl,48.3,S4,S4-3o
4o,O=C(C=C)NC1=CC=CC=C1C,311,S4,S4-4o
5o,O=C(C=C)NC1=CC=CC=C1C(F)(F)F,63.5,S4,S4-5o
6o,O=C(C=C)NC1=CC=CC=C1C2=CC=CC=C2,223,S4,S4-6o
7o,O=C(C=C)NC1=CC=CC=C1C(OC)=O,29.9,S4,S4-7o
8o,O=C(C=C)NC1=CC=CC=C1C#N,25.8,S4,S4-8o
9o,O=C(C=C)NC1=CC=CC=C1OC,194,S4,S4-9o
10o,O=C(C=C)NC1=CC=CC=C1SC,72.6,S4,S4-10o
11o,O=C(C=C)NC1=CC=CC=C1N(C)C,82.7,S4,S4-11o
12o,O=C(C=C)NC1=CC=CC=C1[N+]([O-])=O,6,S4,S4-12o
2m,O=C(C=C)NC1=CC=CC(F)=C1,71.6,S4,S4-2m
3m,O=C(C=C)NC1=CC=CC(Cl)=C1,68.1,S4,S4-3m
4m,O=C(C=C)NC1=CC=CC(C)=C1,213,S4,S4-4m
5m,O=C(C=C)NC1=CC=CC(C(F)(F)F)=C1,61.8,S4,S4-5m
6m,O=C(C=C)NC1=CC=CC(C2=CC=CC=C2)=C1,103,S4,S4-6m
7m,O=C(C=C)NC1=CC=CC(C(OC)=O)=C1,116,S4,S4-7m
8m,O=C(C=C)NC1=CC=CC(C#N)=C1,41.4,S4,S4-8m
9m,O=C(C=C)NC1=CC=CC(OC)=C1,116,S4,S4-9m
10m,O=C(C=C)NC1=CC=CC(SC)=C1,87.3,S4,S4-10m
11m,O=C(C=C)NC1=CC=CC(N(C)C)=C1,152,S4,S4-11m
12m,O=C(C=C)NC1=CC=CC([N+]([O-])=O)=C1,25.5,S4,S4-12m
2p,O=C(C=C)NC1=CC=C(F)C=C1,159,S4,S4-2p
3p,O=C(C=C)NC1=CC=C(Cl)C=C1,92.5,S4,S4-3p
4p,O=C(C=C)NC1=CC=C(C)C=C1,265,S4,S4-4p
5p,O=C(C=C)NC1=CC=C(C(F)(F)F)C=C1,39.5,S4,S4-5p
6p,O=C(C=C)NC1=CC=C(C2=CC=CC=C2)C=C1,117,S4,S4-6p
7p,O=C(C=C)NC1=CC=C(C(OC)=O)C=C1,23.3,S4,S4-7p
8p,O=C(C=C)NC1=CC=C(C#N)C=C1,17.3,S4,S4-8p
9p,O=C(C=C)NC1=CC=C(OC)C=C1,342,S4,S4-9p
10p,O=C(C=C)NC1=CC=C(SC)C=C1,136,S4,S4-10p
11p,O=C(C=C)NC1=CC=C(N(C)C)C=C1,247,S4,S4-11p
12p,O=C(C=C)NC1=CC=C([N+]([O-])=O)C=C1,7.9,S4,S4-12p
1,Fc1c(cc(cc1)Nc2ncnc3c2cc(c(c3)O[C@@H]4COCC4)NC(=O)C=CCN(C)C)Cl,25,S5,S5-1
3,n1(nc(c2c1ncnc2N)-c3ccc(cc3)Oc4ccccc4)[C@H]5CN(CCC5)C(=O)C=C,1180,S5,S5-3
8,C=CC(=O)Nc1ccc(cc1)N,816,S5,S5-8
9,C=CC(=O)Nc1ccc(cc1)F,323,S5,S5-9
10,C=CC(=O)NCc1ccccc1,2940,S5,S5-10
11,CN(c1ccccc1)C(=O)C=C,436,S5,S5-11
12,C=CC(=O)Nc1ccccc1,299,S5,S5-12
13,Cc1ccccc1NC(=O)C=C,428,S5,S5-13
14,COc1ccc(cc1)NC(=O)C=C,524,S5,S5-14
15,C=CC(=O)Nc1ccccc1C#N,37.2,S5,S5-15
16,C=CC(=O)Nc1cccc(c1)F,145,S5,S5-16
17,Cc1ccc(cc1)NC(=O)C=C,361,S5,S5-17
18,C=CC(=O)Nc1ccccn1,22,S5,S5-18
19,C=CC(=O)Nc1ccc(cc1)C#N,32.9,S5,S5-19
20,CC(=C)C(=O)NC(C)(C)c1ccccc1,>8640,S5,S5-20
21,CC(=C)C(=O)Nc1ccccc1,>10000,S5,S5-21
22,CC(=CC(=O)Nc1ccccc1)C,>10000,S5,S5-22
23,C=CC(=O)Nc1ccc(cc1)N,>10000,S5,S5-23
24,Fc1c(cccc1Nc2ncnc3c2cc(c(c3)OC)OC4CCN(CC4)C(=O)C=C)Cl,1640,S5,S5-24
25,s2c1ncnc(c1cc2-c3n(cnc3-c4ccccc4)CC5N(CCC5)C(=O)C=C)N,1700,S5,S5-25
26,N3(CCc1c(nc(nc1)NC2CCOCC2)C3)C(=O)C=C,252,S5,S5-26
27,N1([C@@H](CCC1)C(=O)Nc3c(cc2ncc(c(c2c3)Nc4cc(ccc4)CC)C(=O)N)OC)C(=O)C=C,211,S5,S5-27
28,n1(ncc(c1)-c2nc(c(nc2)N)-n3nnc4c3cccc4)C5CCN(CC5)C(=O)C=C,949,S5,S5-28
29,Ic1c(cc(c(c1)NCC(=O)N2CCN(CC2)C(=O)C=C)O)Cl,367,S5,S5-29
30,Clc1c(cc(c(c1)NCC(=O)N2CCN(CC2)C(=O)C=C)OC)Cl,400,S5,S5-30
31,N1(CCN(CC1)C(=O)C=C)c2ncc(cn2)-c3ccccc3,691,S5,S5-31
32,Fc1ccc(cc1)S[C@@H]2CN([C@@H](C2)C(=O)NCc3ccc(cc3)F)C(=O)C=C,90.8,S5,S5-32
34,Clc1c(nc(nc1)Nc2c(ccc(c2)NC(=O)C=CCN(C)C)OC)-c3c4n(nc3)cccc4,352,S5,S5-34
35,Clc1ccc(cc1)C=CS(=O)(=O)N2CCN(CC2)C(=O)C=C,283,S5,S5-35
36,N(C(C(O)c1cc(ccc1)OC)(C)C)C(=O)C=C,3160,S5,S5-36
51,N(c1onc(c1)-c2ccccc2)C(=O)C=C,4.09,S5,S5-51
52,s1c(nc(c1)-c2ccccc2)NC(=O)C=C,4.38,S5,S5-52
